#,,,,,,,,,,,,,,,,,,,,,,,,,,,,,,,,,,,,,,,,,,,,,,,,,,,,"generated_by='OpenQuake engine 3.9.0', start_date='2020-08-20T05:18:33', checksum=2950940446, kind='mean', investigation_time=1.0, imt='PGA'"
lon,lat,depth,poe-0.0010000,poe-0.0011775,poe-0.0013865,poe-0.0016326,poe-0.0019224,poe-0.0022636,poe-0.0026654,poe-0.0031386,poe-0.0036957,poe-0.0043517,poe-0.0051241,poe-0.0060336,poe-0.0071046,poe-0.0083657,poe-0.0098506,poe-0.0115991,poe-0.0136580,poe-0.0160823,poe-0.0189369,poe-0.0222983,poe-0.0262563,poe-0.0309168,poe-0.0364046,poe-0.0428665,poe-0.0504754,poe-0.0594349,poe-0.0699847,poe-0.0824071,poe-0.0970346,poe-0.1142584,poe-0.1345395,poe-0.1584205,poe-0.1865405,poe-0.2196518,poe-0.2586404,poe-0.3045496,poe-0.3586078,poe-0.4222614,poe-0.4972136,poe-0.5854700,poe-0.6893921,poe-0.8117606,poe-0.9558498,poe-1.1255150,poe-1.3252962,poe-1.5605390,poe-1.8375378,poe-2.1637044,poe-2.5477663,poe-3.0000000
174.82111,-41.16430,0.00000,9.660580E-01,9.609888E-01,9.546521E-01,9.468158E-01,9.374174E-01,9.263395E-01,9.126875E-01,8.964115E-01,8.773018E-01,8.546792E-01,8.289959E-01,7.989082E-01,7.651340E-01,7.270064E-01,6.854324E-01,6.400980E-01,5.906947E-01,5.392970E-01,4.864621E-01,4.335052E-01,3.798616E-01,3.282968E-01,2.796061E-01,2.332341E-01,1.919034E-01,1.542919E-01,1.236994E-01,9.542134E-02,7.180513E-02,5.364769E-02,3.912752E-02,2.818327E-02,2.036306E-02,1.428432E-02,9.700162E-03,6.740990E-03,4.644178E-03,3.259388E-03,2.137772E-03,1.482903E-03,7.495393E-04,5.153712E-04,3.592383E-04,2.186719E-04,1.249531E-04,7.809766E-05,4.685548E-05,3.124219E-05,1.562109E-05,1.562109E-05
174.72530,-41.28380,0.00000,9.647963E-01,9.593685E-01,9.527513E-01,9.447448E-01,9.348037E-01,9.227998E-01,9.084907E-01,8.913404E-01,8.713048E-01,8.479585E-01,8.209665E-01,7.899244E-01,7.550894E-01,7.166026E-01,6.746046E-01,6.296955E-01,5.809867E-01,5.304860E-01,4.782311E-01,4.249522E-01,3.736359E-01,3.226613E-01,2.751500E-01,2.309657E-01,1.903326E-01,1.536913E-01,1.210799E-01,9.507817E-02,7.344853E-02,5.412053E-02,4.072726E-02,2.991155E-02,2.118946E-02,1.496085E-02,1.085916E-02,7.546677E-03,5.016866E-03,3.554996E-03,2.589575E-03,1.732201E-03,1.155235E-03,8.431488E-04,5.621798E-04,4.060236E-04,2.498828E-04,1.717930E-04,1.249297E-04,1.093164E-04,7.807424E-05,6.246876E-05
174.78860,-41.25260,0.00000,9.650536E-01,9.597783E-01,9.532531E-01,9.450274E-01,9.350312E-01,9.230238E-01,9.087209E-01,8.919618E-01,8.719889E-01,8.488095E-01,8.220504E-01,7.905840E-01,7.561479E-01,7.179044E-01,6.754060E-01,6.293191E-01,5.805213E-01,5.291113E-01,4.765899E-01,4.243066E-01,3.733274E-01,3.218044E-01,2.739487E-01,2.301713E-01,1.900468E-01,1.549108E-01,1.228059E-01,9.561955E-02,7.323934E-02,5.475055E-02,3.992202E-02,2.920088E-02,2.086901E-02,1.460743E-02,1.020989E-02,7.283869E-03,4.815659E-03,3.243993E-03,2.293757E-03,1.591963E-03,9.835904E-04,7.026994E-04,5.153712E-04,3.123282E-04,1.718164E-04,1.093477E-04,4.686328E-05,3.124219E-05,1.562109E-05,0.000000E+00
174.80280,-41.24950,0.00000,9.651088E-01,9.597121E-01,9.531608E-01,9.449534E-01,9.352586E-01,9.234058E-01,9.091156E-01,8.924516E-01,8.728482E-01,8.496629E-01,8.229953E-01,7.924418E-01,7.577365E-01,7.179576E-01,6.758708E-01,6.284855E-01,5.793493E-01,5.280324E-01,4.756820E-01,4.227792E-01,3.701622E-01,3.203288E-01,2.725172E-01,2.279951E-01,1.880233E-01,1.515488E-01,1.191091E-01,9.198050E-02,7.005217E-02,5.255566E-02,3.882626E-02,2.846905E-02,2.089837E-02,1.459260E-02,1.020920E-02,7.096242E-03,5.094186E-03,3.445485E-03,2.308840E-03,1.389076E-03,9.367036E-04,6.245861E-04,4.528946E-04,3.436172E-04,1.718242E-04,1.562031E-04,1.093477E-04,4.686328E-05,3.124219E-05,1.562109E-05
174.76871,-41.28250,0.00000,9.648505E-01,9.594378E-01,9.528890E-01,9.447569E-01,9.348648E-01,9.228057E-01,9.083388E-01,8.913663E-01,8.712177E-01,8.480024E-01,8.210863E-01,7.900491E-01,7.558943E-01,7.169695E-01,6.742867E-01,6.281983E-01,5.797453E-01,5.281730E-01,4.757812E-01,4.232282E-01,3.722579E-01,3.223524E-01,2.749552E-01,2.302741E-01,1.906977E-01,1.539694E-01,1.227245E-01,9.580734E-02,7.306200E-02,5.455894E-02,4.047544E-02,2.977511E-02,2.151112E-02,1.490062E-02,1.044243E-02,7.252790E-03,5.110382E-03,3.337166E-03,2.262382E-03,1.451560E-03,9.992192E-04,5.778166E-04,3.904493E-04,2.186719E-04,1.249609E-04,6.247657E-05,4.686328E-05,1.562109E-05,0.000000E+00,0.000000E+00
174.77380,-41.32330,0.00000,9.641002E-01,9.586390E-01,9.517647E-01,9.434386E-01,9.334646E-01,9.214193E-01,9.069052E-01,8.896455E-01,8.694660E-01,8.456720E-01,8.184824E-01,7.873306E-01,7.522545E-01,7.134620E-01,6.713600E-01,6.261776E-01,5.777822E-01,5.264055E-01,4.743560E-01,4.215873E-01,3.697886E-01,3.200393E-01,2.732705E-01,2.282085E-01,1.879161E-01,1.514686E-01,1.208779E-01,9.465557E-02,7.289588E-02,5.531776E-02,4.096994E-02,3.006195E-02,2.183126E-02,1.563703E-02,1.079480E-02,7.282264E-03,5.078596E-03,3.367832E-03,2.386946E-03,1.560666E-03,1.092797E-03,7.339026E-04,4.372970E-04,2.186719E-04,7.809766E-05,3.123438E-05,1.562109E-05,0.000000E+00,0.000000E+00,0.000000E+00
174.79240,-41.30910,0.00000,9.744337E-01,9.715406E-01,9.678549E-01,9.631315E-01,9.572527E-01,9.502231E-01,9.414476E-01,9.309784E-01,9.181917E-01,9.028528E-01,8.848430E-01,8.635501E-01,8.389629E-01,8.101196E-01,7.772525E-01,7.400653E-01,6.996051E-01,6.551004E-01,6.071987E-01,5.555320E-01,5.037058E-01,4.491252E-01,3.963070E-01,3.436899E-01,2.941470E-01,2.478197E-01,2.049201E-01,1.661122E-01,1.321370E-01,1.020665E-01,7.769035E-02,5.914694E-02,4.331743E-02,3.136523E-02,2.247281E-02,1.516125E-02,1.050401E-02,7.190733E-03,4.721592E-03,2.838585E-03,1.591846E-03,9.522390E-04,4.528556E-04,2.811094E-04,1.561797E-04,4.686328E-05,4.686328E-05,3.124219E-05,1.562109E-05,0.000000E+00
174.78439,-41.32050,0.00000,9.730195E-01,9.698035E-01,9.656146E-01,9.602993E-01,9.538040E-01,9.460089E-01,9.363871E-01,9.247690E-01,9.107811E-01,8.938012E-01,8.738291E-01,8.510754E-01,8.243272E-01,7.935735E-01,7.585741E-01,7.202687E-01,6.779253E-01,6.321470E-01,5.828907E-01,5.317400E-01,4.796734E-01,4.273772E-01,3.748283E-01,3.231250E-01,2.763073E-01,2.323451E-01,1.916389E-01,1.549871E-01,1.222920E-01,9.592568E-02,7.238828E-02,5.417742E-02,3.915491E-02,2.840968E-02,2.065407E-02,1.409972E-02,9.654377E-03,6.709980E-03,4.411109E-03,2.994695E-03,1.841557E-03,1.186548E-03,6.714651E-04,3.903946E-04,2.498907E-04,1.405742E-04,6.248437E-05,3.124219E-05,1.562109E-05,0.000000E+00
174.78909,-41.32430,0.00000,9.640729E-01,9.586582E-01,9.519255E-01,9.434335E-01,9.335342E-01,9.213470E-01,9.069737E-01,8.896662E-01,8.694124E-01,8.454688E-01,8.180299E-01,7.870860E-01,7.520975E-01,7.131771E-01,6.709982E-01,6.249682E-01,5.768641E-01,5.256406E-01,4.728192E-01,4.198675E-01,3.685164E-01,3.185548E-01,2.713318E-01,2.279526E-01,1.869442E-01,1.513106E-01,1.198460E-01,9.465713E-02,7.323728E-02,5.467238E-02,4.019174E-02,2.976094E-02,2.114438E-02,1.522262E-02,1.082842E-02,7.314606E-03,4.877086E-03,3.446093E-03,2.480298E-03,1.623111E-03,9.680317E-04,7.182971E-04,4.997033E-04,3.592071E-04,2.030508E-04,9.372656E-05,4.686328E-05,1.562109E-05,1.562109E-05,0.000000E+00
174.82330,-41.30600,0.00000,9.641780E-01,9.587594E-01,9.519012E-01,9.435257E-01,9.333799E-01,9.214870E-01,9.071139E-01,8.898889E-01,8.695847E-01,8.458505E-01,8.185089E-01,7.878653E-01,7.523378E-01,7.126282E-01,6.696758E-01,6.244864E-01,5.751405E-01,5.243354E-01,4.718103E-01,4.193349E-01,3.670256E-01,3.159924E-01,2.697263E-01,2.259021E-01,1.847214E-01,1.488202E-01,1.177541E-01,9.255566E-02,7.137580E-02,5.409136E-02,3.951580E-02,2.889545E-02,2.074595E-02,1.460716E-02,1.019479E-02,6.663374E-03,4.410945E-03,3.134887E-03,1.950748E-03,1.202091E-03,7.807736E-04,4.841680E-04,3.279961E-04,2.811407E-04,1.562031E-04,9.372656E-05,3.124219E-05,1.562109E-05,0.000000E+00,0.000000E+00
174.82330,-41.31460,0.00000,9.767772E-01,9.745576E-01,9.716530E-01,9.679510E-01,9.633550E-01,9.575936E-01,9.504824E-01,9.415982E-01,9.308259E-01,9.178720E-01,9.020137E-01,8.838546E-01,8.621176E-01,8.366219E-01,8.072486E-01,7.736952E-01,7.352344E-01,6.936821E-01,6.479545E-01,5.986949E-01,5.472394E-01,4.925667E-01,4.396321E-01,3.861643E-01,3.331932E-01,2.816601E-01,2.338895E-01,1.908197E-01,1.526825E-01,1.200121E-01,9.197944E-02,6.979008E-02,5.079281E-02,3.638596E-02,2.535196E-02,1.658908E-02,1.098222E-02,7.112910E-03,4.348687E-03,2.683177E-03,1.669943E-03,1.045997E-03,4.997189E-04,2.499063E-04,1.562031E-04,6.248437E-05,1.562109E-05,0.000000E+00,0.000000E+00,0.000000E+00
174.81419,-41.32070,0.00000,9.641472E-01,9.586423E-01,9.519047E-01,9.438001E-01,9.336857E-01,9.214907E-01,9.069115E-01,8.894303E-01,8.690382E-01,8.451337E-01,8.178779E-01,7.862939E-01,7.511424E-01,7.119222E-01,6.698060E-01,6.237020E-01,5.758344E-01,5.246958E-01,4.726228E-01,4.203047E-01,3.684364E-01,3.180332E-01,2.700231E-01,2.260392E-01,1.867306E-01,1.519627E-01,1.210162E-01,9.528054E-02,7.295497E-02,5.488690E-02,4.008432E-02,2.901709E-02,2.025718E-02,1.479254E-02,1.081366E-02,7.143870E-03,5.078798E-03,3.477171E-03,2.402543E-03,1.638818E-03,9.367582E-04,6.090197E-04,4.216759E-04,3.748282E-04,2.499141E-04,1.718320E-04,6.248437E-05,4.686328E-05,0.000000E+00,0.000000E+00
174.80141,-41.32100,0.00000,9.757621E-01,9.732709E-01,9.700375E-01,9.659455E-01,9.607280E-01,9.544367E-01,9.466209E-01,9.370652E-01,9.254261E-01,9.113837E-01,8.945254E-01,8.750389E-01,8.521249E-01,8.252303E-01,7.945757E-01,7.600309E-01,7.205328E-01,6.768019E-01,6.296842E-01,5.800370E-01,5.283892E-01,4.747826E-01,4.208477E-01,3.692091E-01,3.164189E-01,2.673763E-01,2.208999E-01,1.803162E-01,1.438178E-01,1.125806E-01,8.655059E-02,6.555102E-02,4.862874E-02,3.500486E-02,2.417848E-02,1.619041E-02,1.050389E-02,6.895894E-03,4.612548E-03,3.009988E-03,1.981616E-03,9.835202E-04,4.684611E-04,2.654961E-04,1.561875E-04,9.372656E-05,7.810547E-05,4.686328E-05,4.686328E-05,0.000000E+00
174.76759,-41.28910,0.00000,9.648249E-01,9.595442E-01,9.528654E-01,9.448186E-01,9.348143E-01,9.228739E-01,9.085438E-01,8.910275E-01,8.708929E-01,8.477182E-01,8.208075E-01,7.896100E-01,7.550791E-01,7.158519E-01,6.737427E-01,6.281993E-01,5.805503E-01,5.298439E-01,4.775378E-01,4.249632E-01,3.722516E-01,3.226945E-01,2.740474E-01,2.298449E-01,1.887378E-01,1.523384E-01,1.216800E-01,9.509236E-02,7.243328E-02,5.495823E-02,4.079134E-02,2.948801E-02,2.137371E-02,1.499273E-02,1.059738E-02,7.516745E-03,5.079490E-03,3.384247E-03,2.278206E-03,1.405032E-03,9.212230E-04,6.402463E-04,4.060548E-04,2.967305E-04,2.342696E-04,1.093320E-04,7.809766E-05,4.685548E-05,1.562109E-05,1.562109E-05
174.83380,-41.15670,0.00000,9.660205E-01,9.608223E-01,9.543796E-01,9.466168E-01,9.371842E-01,9.256462E-01,9.118987E-01,8.955708E-01,8.763756E-01,8.533310E-01,8.264871E-01,7.964380E-01,7.619517E-01,7.230644E-01,6.794077E-01,6.338385E-01,5.846429E-01,5.331812E-01,4.801610E-01,4.263734E-01,3.731810E-01,3.212872E-01,2.728364E-01,2.275403E-01,1.864051E-01,1.497373E-01,1.181095E-01,9.157868E-02,6.914484E-02,5.187472E-02,3.849709E-02,2.783400E-02,1.933698E-02,1.391225E-02,9.823114E-03,6.756346E-03,4.488980E-03,2.917041E-03,1.919662E-03,1.420513E-03,9.523872E-04,6.714729E-04,4.060938E-04,2.030664E-04,1.405820E-04,9.372656E-05,4.686328E-05,3.124219E-05,3.124219E-05,0.000000E+00
174.81689,-41.18150,0.00000,9.657043E-01,9.605082E-01,9.540926E-01,9.461340E-01,9.363883E-01,9.248800E-01,9.109148E-01,8.943142E-01,8.746029E-01,8.515368E-01,8.249795E-01,7.939484E-01,7.595637E-01,7.210768E-01,6.785018E-01,6.324803E-01,5.840614E-01,5.330757E-01,4.809468E-01,4.271727E-01,3.739756E-01,3.218049E-01,2.731396E-01,2.268181E-01,1.860166E-01,1.507265E-01,1.197219E-01,9.231462E-02,7.056989E-02,5.314498E-02,3.965214E-02,2.859116E-02,2.060752E-02,1.470001E-02,1.033468E-02,6.880677E-03,4.721802E-03,3.352896E-03,2.340433E-03,1.794865E-03,1.202036E-03,8.430473E-04,6.246096E-04,3.279805E-04,1.718242E-04,1.093477E-04,6.248437E-05,0.000000E+00,0.000000E+00,0.000000E+00
174.81979,-41.21670,0.00000,9.653504E-01,9.600032E-01,9.535026E-01,9.454848E-01,9.357995E-01,9.241146E-01,9.099986E-01,8.933573E-01,8.737108E-01,8.506525E-01,8.234612E-01,7.926494E-01,7.579118E-01,7.192635E-01,6.774803E-01,6.316299E-01,5.826231E-01,5.312632E-01,4.790203E-01,4.268957E-01,3.745995E-01,3.237820E-01,2.740502E-01,2.295509E-01,1.877830E-01,1.516437E-01,1.214124E-01,9.437043E-02,7.203448E-02,5.395857E-02,4.004029E-02,2.921334E-02,2.024078E-02,1.416050E-02,9.605573E-03,6.615651E-03,4.659263E-03,3.041028E-03,2.246543E-03,1.513881E-03,1.108309E-03,6.090275E-04,3.904571E-04,1.874375E-04,1.093399E-04,6.248437E-05,1.562109E-05,0.000000E+00,0.000000E+00,0.000000E+00
174.82719,-41.17400,0.00000,9.778946E-01,9.757320E-01,9.729643E-01,9.694763E-01,9.650984E-01,9.595422E-01,9.527096E-01,9.443356E-01,9.341145E-01,9.217481E-01,9.068918E-01,8.893039E-01,8.683811E-01,8.439173E-01,8.151792E-01,7.826515E-01,7.449479E-01,7.029521E-01,6.576449E-01,6.081473E-01,5.568337E-01,5.020021E-01,4.477787E-01,3.926337E-01,3.388737E-01,2.880014E-01,2.386202E-01,1.944035E-01,1.544712E-01,1.200920E-01,9.117351E-02,6.779750E-02,4.810758E-02,3.413077E-02,2.338928E-02,1.549934E-02,9.793034E-03,6.089114E-03,3.742059E-03,2.075327E-03,1.092774E-03,6.714182E-04,4.529102E-04,2.342774E-04,1.405742E-04,1.405742E-04,7.810547E-05,0.000000E+00,0.000000E+00,0.000000E+00
174.83900,-41.17730,0.00000,9.778530E-01,9.757351E-01,9.730240E-01,9.695414E-01,9.651420E-01,9.596254E-01,9.528270E-01,9.445873E-01,9.344948E-01,9.220949E-01,9.072239E-01,8.897132E-01,8.688533E-01,8.442028E-01,8.153697E-01,7.819993E-01,7.450319E-01,7.038679E-01,6.583394E-01,6.081532E-01,5.558662E-01,5.010824E-01,4.470659E-01,3.907042E-01,3.351949E-01,2.840354E-01,2.349633E-01,1.912761E-01,1.520695E-01,1.186783E-01,8.990014E-02,6.636982E-02,4.761764E-02,3.382829E-02,2.358943E-02,1.562260E-02,1.068801E-02,6.756098E-03,4.348033E-03,2.589311E-03,1.280126E-03,6.090275E-04,2.967774E-04,6.248437E-05,4.686328E-05,3.124219E-05,3.124219E-05,3.124219E-05,3.124219E-05,3.124219E-05
174.81219,-41.19640,0.00000,9.655094E-01,9.601775E-01,9.537353E-01,9.457964E-01,9.361399E-01,9.244282E-01,9.103833E-01,8.938878E-01,8.742115E-01,8.509997E-01,8.240380E-01,7.935891E-01,7.584284E-01,7.198353E-01,6.771117E-01,6.314114E-01,5.828846E-01,5.317954E-01,4.797984E-01,4.272045E-01,3.749069E-01,3.242830E-01,2.751067E-01,2.291579E-01,1.877969E-01,1.507554E-01,1.187423E-01,9.148821E-02,7.041296E-02,5.277158E-02,3.903487E-02,2.844132E-02,2.022589E-02,1.416089E-02,1.013278E-02,7.253046E-03,5.187709E-03,3.632175E-03,2.542525E-03,1.716697E-03,1.170825E-03,7.964026E-04,4.216837E-04,3.279961E-04,2.030430E-04,1.405742E-04,4.685548E-05,0.000000E+00,0.000000E+00,0.000000E+00
174.80701,-41.21090,0.00000,9.654262E-01,9.601560E-01,9.536924E-01,9.457412E-01,9.360511E-01,9.244644E-01,9.104643E-01,8.939930E-01,8.740098E-01,8.507876E-01,8.239398E-01,7.932356E-01,7.581578E-01,7.197514E-01,6.770759E-01,6.312104E-01,5.817940E-01,5.313093E-01,4.789304E-01,4.264677E-01,3.755616E-01,3.246761E-01,2.769775E-01,2.318568E-01,1.894433E-01,1.521875E-01,1.210350E-01,9.382815E-02,7.138722E-02,5.356044E-02,3.935173E-02,2.824304E-02,2.040756E-02,1.405197E-02,9.653518E-03,6.398953E-03,4.892302E-03,3.305893E-03,2.137578E-03,1.467306E-03,1.046028E-03,7.495627E-04,4.216603E-04,2.030430E-04,1.405742E-04,4.686328E-05,3.124219E-05,0.000000E+00,0.000000E+00,0.000000E+00
174.77570,-41.28490,0.00000,9.645848E-01,9.591022E-01,9.523895E-01,9.441521E-01,9.341993E-01,9.221684E-01,9.078134E-01,8.906379E-01,8.706644E-01,8.475649E-01,8.205223E-01,7.891682E-01,7.541689E-01,7.150946E-01,6.728164E-01,6.273284E-01,5.778913E-01,5.275721E-01,4.764848E-01,4.247732E-01,3.718312E-01,3.212476E-01,2.737600E-01,2.299518E-01,1.886044E-01,1.532631E-01,1.223416E-01,9.427693E-02,7.105424E-02,5.353487E-02,3.963821E-02,2.907831E-02,2.093007E-02,1.443823E-02,9.854774E-03,7.020527E-03,4.845735E-03,3.539126E-03,2.495927E-03,1.669795E-03,1.046067E-03,6.871251E-04,3.904649E-04,2.186797E-04,1.249609E-04,1.093477E-04,4.686328E-05,3.124219E-05,0.000000E+00,0.000000E+00
174.79379,-41.22310,0.00000,9.653296E-01,9.600576E-01,9.536585E-01,9.457927E-01,9.362856E-01,9.245924E-01,9.104472E-01,8.935270E-01,8.736145E-01,8.506235E-01,8.242927E-01,7.931340E-01,7.581678E-01,7.193077E-01,6.764272E-01,6.308712E-01,5.812625E-01,5.301858E-01,4.780174E-01,4.263330E-01,3.734798E-01,3.228468E-01,2.754681E-01,2.299066E-01,1.891344E-01,1.522612E-01,1.201341E-01,9.256016E-02,7.000870E-02,5.255288E-02,3.894539E-02,2.781590E-02,2.013229E-02,1.419118E-02,1.013203E-02,7.049908E-03,5.093884E-03,3.726049E-03,2.651896E-03,1.732389E-03,1.170872E-03,6.246408E-04,4.060938E-04,2.342852E-04,1.093320E-04,6.247657E-05,3.124219E-05,1.562109E-05,0.000000E+00,0.000000E+00
174.82539,-41.20470,0.00000,9.654016E-01,9.601079E-01,9.536017E-01,9.457725E-01,9.361053E-01,9.243026E-01,9.100816E-01,8.933738E-01,8.738033E-01,8.509358E-01,8.240294E-01,7.933537E-01,7.584019E-01,7.192150E-01,6.771381E-01,6.305063E-01,5.820661E-01,5.311413E-01,4.777243E-01,4.250501E-01,3.720325E-01,3.214463E-01,2.740053E-01,2.295915E-01,1.880007E-01,1.525787E-01,1.203534E-01,9.312070E-02,7.151785E-02,5.344394E-02,3.936807E-02,2.865256E-02,2.068552E-02,1.377525E-02,9.498319E-03,6.693421E-03,4.783221E-03,3.414353E-03,2.371130E-03,1.763373E-03,1.202036E-03,8.118832E-04,5.465509E-04,3.591993E-04,2.186797E-04,1.405899E-04,6.248437E-05,6.248437E-05,0.000000E+00,0.000000E+00
174.80310,-41.21820,0.00000,9.655293E-01,9.602274E-01,9.536094E-01,9.456553E-01,9.360837E-01,9.241805E-01,9.101577E-01,8.935415E-01,8.740920E-01,8.509239E-01,8.237888E-01,7.936690E-01,7.587177E-01,7.197736E-01,6.775497E-01,6.322525E-01,5.831056E-01,5.320892E-01,4.805398E-01,4.273722E-01,3.751183E-01,3.236027E-01,2.753608E-01,2.304128E-01,1.891440E-01,1.531340E-01,1.203409E-01,9.442960E-02,7.248449E-02,5.348223E-02,3.882505E-02,2.810563E-02,1.976529E-02,1.417435E-02,9.807850E-03,7.330506E-03,5.265651E-03,3.741592E-03,2.464654E-03,1.638763E-03,1.155212E-03,6.714182E-04,4.996877E-04,3.591993E-04,2.342852E-04,1.718164E-04,1.093399E-04,7.809766E-05,3.124219E-05,0.000000E+00
174.77161,-41.24640,0.00000,9.653138E-01,9.599598E-01,9.531974E-01,9.453335E-01,9.356855E-01,9.238386E-01,9.098885E-01,8.930075E-01,8.731009E-01,8.497723E-01,8.229275E-01,7.922648E-01,7.576402E-01,7.187806E-01,6.764069E-01,6.304701E-01,5.822920E-01,5.322691E-01,4.792424E-01,4.273717E-01,3.764639E-01,3.271116E-01,2.788867E-01,2.343602E-01,1.921270E-01,1.546469E-01,1.226396E-01,9.530991E-02,7.337674E-02,5.467856E-02,3.993540E-02,2.922805E-02,2.092758E-02,1.472875E-02,1.075057E-02,7.670532E-03,5.187710E-03,3.415053E-03,2.480703E-03,1.545162E-03,9.524184E-04,6.245627E-04,4.684377E-04,2.811250E-04,1.874219E-04,9.371095E-05,6.247657E-05,4.685548E-05,1.562109E-05,1.562109E-05
174.80760,-41.22460,0.00000,9.739163E-01,9.706880E-01,9.665871E-01,9.615744E-01,9.554125E-01,9.477803E-01,9.385883E-01,9.270889E-01,9.135402E-01,8.971281E-01,8.778986E-01,8.553678E-01,8.289053E-01,7.985150E-01,7.642382E-01,7.258841E-01,6.833970E-01,6.370022E-01,5.885368E-01,5.368158E-01,4.840467E-01,4.313265E-01,3.781407E-01,3.265603E-01,2.771310E-01,2.313947E-01,1.889811E-01,1.526264E-01,1.210477E-01,9.470275E-02,7.249653E-02,5.369592E-02,3.888629E-02,2.790643E-02,1.932006E-02,1.328027E-02,9.033939E-03,5.840128E-03,3.601361E-03,2.308630E-03,1.700733E-03,1.092634E-03,6.245471E-04,3.904102E-04,2.030352E-04,1.093399E-04,7.809766E-05,3.124219E-05,0.000000E+00,0.000000E+00
174.79330,-41.23510,0.00000,9.653111E-01,9.600298E-01,9.534366E-01,9.454421E-01,9.355235E-01,9.237788E-01,9.097522E-01,8.928438E-01,8.731152E-01,8.498430E-01,8.228772E-01,7.924787E-01,7.576196E-01,7.183620E-01,6.761152E-01,6.304427E-01,5.824242E-01,5.309761E-01,4.792345E-01,4.256405E-01,3.735784E-01,3.231801E-01,2.752177E-01,2.300009E-01,1.888596E-01,1.519212E-01,1.200573E-01,9.377667E-02,7.151943E-02,5.396069E-02,3.932173E-02,2.844034E-02,2.005753E-02,1.405311E-02,9.715483E-03,6.725346E-03,4.706212E-03,3.212346E-03,2.262437E-03,1.623111E-03,1.092844E-03,7.182815E-04,5.466212E-04,2.811641E-04,2.030664E-04,1.093399E-04,1.562109E-05,0.000000E+00,0.000000E+00,0.000000E+00
174.77180,-41.30330,0.00000,9.644970E-01,9.590630E-01,9.524296E-01,9.443457E-01,9.342232E-01,9.221715E-01,9.078968E-01,8.908829E-01,8.704216E-01,8.470222E-01,8.201771E-01,7.893772E-01,7.545406E-01,7.153472E-01,6.729226E-01,6.279754E-01,5.787718E-01,5.268937E-01,4.740531E-01,4.213232E-01,3.692677E-01,3.199496E-01,2.724726E-01,2.281343E-01,1.877885E-01,1.523262E-01,1.208534E-01,9.515611E-02,7.323059E-02,5.537677E-02,4.130338E-02,3.027857E-02,2.143463E-02,1.470120E-02,1.048964E-02,7.315482E-03,5.048178E-03,3.477280E-03,2.464786E-03,1.669896E-03,1.155188E-03,7.339260E-04,5.622189E-04,3.436094E-04,1.874375E-04,1.718242E-04,1.093477E-04,4.686328E-05,3.124219E-05,3.124219E-05
174.76180,-41.25750,0.00000,9.649968E-01,9.597207E-01,9.531457E-01,9.450791E-01,9.353110E-01,9.233513E-01,9.090687E-01,8.921748E-01,8.724855E-01,8.490327E-01,8.220806E-01,7.912681E-01,7.562267E-01,7.174188E-01,6.754465E-01,6.293105E-01,5.807356E-01,5.312770E-01,4.776458E-01,4.247136E-01,3.722072E-01,3.222450E-01,2.743759E-01,2.297799E-01,1.897306E-01,1.523144E-01,1.211101E-01,9.441265E-02,7.273754E-02,5.490742E-02,4.058369E-02,2.947289E-02,2.106643E-02,1.441993E-02,1.014718E-02,7.282474E-03,5.171918E-03,3.429803E-03,2.464654E-03,1.716650E-03,1.123938E-03,7.651292E-04,4.060860E-04,2.186719E-04,1.562031E-04,7.810547E-05,6.248437E-05,1.562109E-05,1.562109E-05,0.000000E+00
174.80209,-41.23100,0.00000,9.652941E-01,9.600319E-01,9.535149E-01,9.454506E-01,9.356223E-01,9.237621E-01,9.096458E-01,8.927475E-01,8.728854E-01,8.498625E-01,8.233519E-01,7.925851E-01,7.574950E-01,7.187922E-01,6.768657E-01,6.310049E-01,5.822183E-01,5.312513E-01,4.787297E-01,4.254641E-01,3.725898E-01,3.214872E-01,2.724023E-01,2.265047E-01,1.857556E-01,1.493708E-01,1.183666E-01,9.217915E-02,7.142081E-02,5.400397E-02,3.980191E-02,2.868312E-02,2.034624E-02,1.429862E-02,1.042532E-02,7.484472E-03,5.576142E-03,3.742122E-03,2.885674E-03,2.044342E-03,1.217657E-03,7.026916E-04,4.372892E-04,2.186875E-04,1.249687E-04,6.248437E-05,0.000000E+00,0.000000E+00,0.000000E+00,0.000000E+00
174.78551,-41.24350,0.00000,9.650514E-01,9.597543E-01,9.531062E-01,9.450695E-01,9.352446E-01,9.235734E-01,9.094884E-01,8.927459E-01,8.731668E-01,8.499722E-01,8.233455E-01,7.926259E-01,7.583741E-01,7.199431E-01,6.771433E-01,6.306917E-01,5.820913E-01,5.306672E-01,4.774875E-01,4.242667E-01,3.716479E-01,3.217125E-01,2.736031E-01,2.293271E-01,1.881798E-01,1.515376E-01,1.212480E-01,9.432964E-02,7.194693E-02,5.400430E-02,3.951611E-02,2.874329E-02,2.079144E-02,1.500687E-02,1.016366E-02,6.864125E-03,4.627967E-03,3.321062E-03,2.355525E-03,1.545107E-03,9.367739E-04,6.246018E-04,4.372579E-04,2.186719E-04,1.405742E-04,7.809766E-05,3.124219E-05,1.562109E-05,0.000000E+00,0.000000E+00
174.82050,-41.22480,0.00000,9.653398E-01,9.599985E-01,9.534957E-01,9.453360E-01,9.354990E-01,9.235104E-01,9.093950E-01,8.927722E-01,8.729942E-01,8.497224E-01,8.232530E-01,7.926664E-01,7.578328E-01,7.187585E-01,6.766230E-01,6.301538E-01,5.817870E-01,5.301128E-01,4.786488E-01,4.256649E-01,3.745146E-01,3.236719E-01,2.752250E-01,2.301117E-01,1.880044E-01,1.519768E-01,1.214146E-01,9.470815E-02,7.259549E-02,5.394001E-02,3.963718E-02,2.927597E-02,2.085327E-02,1.453159E-02,9.746745E-03,6.880894E-03,4.893134E-03,3.181703E-03,2.340402E-03,1.701310E-03,1.030532E-03,6.558752E-04,4.373126E-04,2.186797E-04,9.372656E-05,4.686328E-05,1.562109E-05,1.562109E-05,0.000000E+00,0.000000E+00
174.77600,-41.25320,0.00000,9.650043E-01,9.596471E-01,9.530460E-01,9.449885E-01,9.349989E-01,9.233240E-01,9.090388E-01,8.921909E-01,8.724210E-01,8.488801E-01,8.218362E-01,7.910036E-01,7.562093E-01,7.178547E-01,6.752068E-01,6.297996E-01,5.802521E-01,5.295335E-01,4.775249E-01,4.243847E-01,3.724748E-01,3.223726E-01,2.750181E-01,2.317857E-01,1.910526E-01,1.547863E-01,1.227342E-01,9.509234E-02,7.197815E-02,5.393874E-02,3.911066E-02,2.781778E-02,2.010233E-02,1.462247E-02,1.039527E-02,7.236968E-03,5.157089E-03,3.726104E-03,2.542938E-03,1.779221E-03,1.155227E-03,8.276135E-04,5.309611E-04,2.967539E-04,1.718164E-04,6.247657E-05,3.124219E-05,3.124219E-05,3.124219E-05,3.124219E-05
174.82120,-41.23450,0.00000,9.652444E-01,9.598899E-01,9.533065E-01,9.452190E-01,9.353669E-01,9.234828E-01,9.095129E-01,8.928310E-01,8.730025E-01,8.502131E-01,8.232685E-01,7.926357E-01,7.582226E-01,7.190338E-01,6.767663E-01,6.310408E-01,5.813029E-01,5.302321E-01,4.779873E-01,4.246835E-01,3.722338E-01,3.218155E-01,2.734143E-01,2.289768E-01,1.879736E-01,1.512682E-01,1.198568E-01,9.329630E-02,7.187640E-02,5.337608E-02,3.972543E-02,2.875883E-02,2.044106E-02,1.425458E-02,1.030364E-02,7.190811E-03,5.016781E-03,3.772904E-03,2.605080E-03,1.763327E-03,1.186415E-03,7.806956E-04,4.529259E-04,2.967617E-04,1.718242E-04,1.093399E-04,4.686328E-05,1.562109E-05,1.562109E-05,0.000000E+00
174.83459,-41.21620,0.00000,9.652124E-01,9.599012E-01,9.533185E-01,9.453319E-01,9.355902E-01,9.238574E-01,9.095848E-01,8.930871E-01,8.731278E-01,8.497676E-01,8.229179E-01,7.921710E-01,7.570155E-01,7.178178E-01,6.751100E-01,6.284252E-01,5.808161E-01,5.289050E-01,4.774687E-01,4.237712E-01,3.712823E-01,3.214324E-01,2.727937E-01,2.279885E-01,1.867117E-01,1.504295E-01,1.191352E-01,9.215505E-02,7.029718E-02,5.344293E-02,3.852665E-02,2.799853E-02,1.964383E-02,1.377538E-02,9.684132E-03,6.771618E-03,4.923218E-03,3.601400E-03,2.371013E-03,1.654244E-03,1.248704E-03,7.650589E-04,4.685001E-04,2.498907E-04,1.405820E-04,9.372656E-05,1.562109E-05,1.562109E-05,0.000000E+00,0.000000E+00
174.74440,-41.27760,0.00000,9.649349E-01,9.595953E-01,9.529721E-01,9.448381E-01,9.349806E-01,9.229668E-01,9.087471E-01,8.918698E-01,8.723301E-01,8.490936E-01,8.221111E-01,7.914060E-01,7.565773E-01,7.176796E-01,6.752837E-01,6.294938E-01,5.810615E-01,5.303593E-01,4.779963E-01,4.261666E-01,3.738537E-01,3.231563E-01,2.744667E-01,2.299480E-01,1.893997E-01,1.529441E-01,1.219822E-01,9.528606E-02,7.257164E-02,5.501246E-02,4.023155E-02,2.941039E-02,2.157146E-02,1.494684E-02,1.073600E-02,7.532133E-03,5.203952E-03,3.415341E-03,2.340480E-03,1.436134E-03,1.046121E-03,6.871486E-04,3.904883E-04,2.343008E-04,1.249687E-04,9.372656E-05,4.686328E-05,4.686328E-05,4.686328E-05,3.124219E-05
174.79691,-41.24460,0.00000,9.774228E-01,9.752792E-01,9.725242E-01,9.690012E-01,9.645380E-01,9.590120E-01,9.520413E-01,9.435533E-01,9.332853E-01,9.205436E-01,9.053266E-01,8.868718E-01,8.658665E-01,8.410047E-01,8.116485E-01,7.789506E-01,7.416795E-01,7.003789E-01,6.550581E-01,6.054303E-01,5.532606E-01,4.992122E-01,4.454896E-01,3.901787E-01,3.368891E-01,2.861188E-01,2.393226E-01,1.948321E-01,1.569686E-01,1.231215E-01,9.383569E-02,6.978759E-02,5.049461E-02,3.525954E-02,2.381372E-02,1.583750E-02,1.042670E-02,6.399094E-03,3.601353E-03,2.215278E-03,1.311095E-03,7.650589E-04,3.591524E-04,1.718008E-04,7.809766E-05,6.248437E-05,0.000000E+00,0.000000E+00,0.000000E+00,0.000000E+00
174.76019,-41.27010,0.00000,9.716094E-01,9.678791E-01,9.632916E-01,9.575174E-01,9.504654E-01,9.419647E-01,9.315288E-01,9.189994E-01,9.038548E-01,8.858470E-01,8.651375E-01,8.409148E-01,8.132634E-01,7.807299E-01,7.445193E-01,7.049392E-01,6.615202E-01,6.144283E-01,5.646074E-01,5.130492E-01,4.601522E-01,4.083824E-01,3.557906E-01,3.060279E-01,2.585359E-01,2.151812E-01,1.756716E-01,1.407584E-01,1.110003E-01,8.541726E-02,6.502956E-02,4.801144E-02,3.530610E-02,2.523390E-02,1.785226E-02,1.268283E-02,8.880837E-03,5.902620E-03,4.099592E-03,2.963048E-03,2.090870E-03,1.404853E-03,9.368519E-04,5.310001E-04,4.373048E-04,2.030196E-04,1.249609E-04,3.124219E-05,1.562109E-05,1.562109E-05
174.77570,-41.26220,0.00000,9.650143E-01,9.597536E-01,9.532133E-01,9.451377E-01,9.353500E-01,9.235400E-01,9.091937E-01,8.921477E-01,8.723139E-01,8.491598E-01,8.223081E-01,7.912962E-01,7.563910E-01,7.180378E-01,6.754105E-01,6.297879E-01,5.810379E-01,5.297033E-01,4.768228E-01,4.246368E-01,3.721694E-01,3.217582E-01,2.738867E-01,2.283078E-01,1.867528E-01,1.512892E-01,1.211443E-01,9.435255E-02,7.257257E-02,5.490084E-02,4.092542E-02,2.948867E-02,2.091473E-02,1.511428E-02,1.047256E-02,7.066295E-03,5.094512E-03,3.399059E-03,2.262188E-03,1.357982E-03,8.899262E-04,5.933830E-04,2.654961E-04,1.874219E-04,1.093399E-04,9.371876E-05,3.124219E-05,1.562109E-05,0.000000E+00,0.000000E+00
174.73250,-41.29060,0.00000,9.648842E-01,9.595348E-01,9.528852E-01,9.446632E-01,9.347390E-01,9.227872E-01,9.085847E-01,8.915827E-01,8.716501E-01,8.483564E-01,8.213475E-01,7.904035E-01,7.560111E-01,7.174983E-01,6.757054E-01,6.293653E-01,5.808883E-01,5.311537E-01,4.790623E-01,4.269556E-01,3.743583E-01,3.234154E-01,2.749177E-01,2.311060E-01,1.897041E-01,1.536789E-01,1.220558E-01,9.401176E-02,7.246558E-02,5.449297E-02,4.046525E-02,2.947505E-02,2.157352E-02,1.560933E-02,1.092310E-02,7.361716E-03,5.235038E-03,3.664180E-03,2.387156E-03,1.607732E-03,1.092891E-03,7.807424E-04,4.997345E-04,2.967383E-04,1.405664E-04,7.810547E-05,6.248437E-05,3.124219E-05,0.000000E+00,0.000000E+00
174.74741,-41.28700,0.00000,9.647519E-01,9.592931E-01,9.526879E-01,9.444751E-01,9.345619E-01,9.226584E-01,9.087833E-01,8.920430E-01,8.718606E-01,8.485110E-01,8.220550E-01,7.913246E-01,7.556669E-01,7.169840E-01,6.743831E-01,6.288149E-01,5.795152E-01,5.278473E-01,4.761393E-01,4.241944E-01,3.722840E-01,3.220033E-01,2.739001E-01,2.291843E-01,1.883680E-01,1.526427E-01,1.216316E-01,9.581620E-02,7.327759E-02,5.528814E-02,4.098513E-02,3.077607E-02,2.218330E-02,1.543789E-02,1.112218E-02,7.454627E-03,5.249984E-03,3.617138E-03,2.620506E-03,1.654299E-03,1.170770E-03,7.026682E-04,3.592149E-04,2.186719E-04,1.093399E-04,9.371876E-05,3.124219E-05,3.124219E-05,1.562109E-05,0.000000E+00
174.76019,-41.27910,0.00000,9.716911E-01,9.680244E-01,9.632648E-01,9.575490E-01,9.504096E-01,9.419509E-01,9.315107E-01,9.189255E-01,9.039127E-01,8.858028E-01,8.649215E-01,8.405424E-01,8.121338E-01,7.800849E-01,7.437921E-01,7.032999E-01,6.598424E-01,6.124658E-01,5.636996E-01,5.116491E-01,4.591891E-01,4.064259E-01,3.543287E-01,3.041514E-01,2.576517E-01,2.143045E-01,1.757257E-01,1.417581E-01,1.125280E-01,8.619162E-02,6.629658E-02,4.947128E-02,3.606041E-02,2.604085E-02,1.892462E-02,1.316001E-02,9.096644E-03,6.182071E-03,4.395410E-03,2.885760E-03,1.841549E-03,1.373564E-03,7.338558E-04,4.996799E-04,3.435704E-04,2.811016E-04,1.874141E-04,6.246876E-05,4.685548E-05,1.562109E-05
174.78430,-41.26960,0.00000,9.734793E-01,9.702443E-01,9.661202E-01,9.610867E-01,9.547246E-01,9.468854E-01,9.374483E-01,9.261370E-01,9.124191E-01,8.959135E-01,8.763489E-01,8.529524E-01,8.267627E-01,7.967625E-01,7.621369E-01,7.239481E-01,6.813316E-01,6.359722E-01,5.878927E-01,5.355137E-01,4.827303E-01,4.295115E-01,3.774273E-01,3.257533E-01,2.783062E-01,2.347392E-01,1.921143E-01,1.543802E-01,1.225608E-01,9.438825E-02,7.174068E-02,5.344406E-02,3.959355E-02,2.882053E-02,2.037882E-02,1.411528E-02,9.622904E-03,6.555154E-03,4.379914E-03,2.979027E-03,1.638795E-03,8.900042E-04,5.465900E-04,3.904493E-04,1.718320E-04,6.248437E-05,3.124219E-05,3.124219E-05,1.562109E-05,0.000000E+00
174.78011,-41.29690,0.00000,9.769680E-01,9.747154E-01,9.719210E-01,9.682116E-01,9.635823E-01,9.577546E-01,9.505336E-01,9.416907E-01,9.311535E-01,9.184394E-01,9.029902E-01,8.846206E-01,8.630426E-01,8.376708E-01,8.087030E-01,7.753810E-01,7.379562E-01,6.959211E-01,6.507212E-01,6.016027E-01,5.503103E-01,4.970619E-01,4.417298E-01,3.883666E-01,3.353013E-01,2.836597E-01,2.359146E-01,1.923663E-01,1.541423E-01,1.206643E-01,9.249406E-02,6.941069E-02,5.107348E-02,3.617886E-02,2.565802E-02,1.709945E-02,1.099945E-02,6.431072E-03,4.100082E-03,1.888147E-03,1.233029E-03,7.494534E-04,3.747970E-04,2.342618E-04,1.561797E-04,9.371876E-05,4.686328E-05,3.124219E-05,3.124219E-05,3.124219E-05
174.77420,-41.27250,0.00000,9.650922E-01,9.596562E-01,9.531180E-01,9.449480E-01,9.350415E-01,9.233602E-01,9.090839E-01,8.922510E-01,8.724541E-01,8.488498E-01,8.220167E-01,7.914382E-01,7.570455E-01,7.184629E-01,6.764638E-01,6.313283E-01,5.826520E-01,5.314060E-01,4.796886E-01,4.277299E-01,3.755855E-01,3.236769E-01,2.757694E-01,2.315508E-01,1.906706E-01,1.543376E-01,1.223463E-01,9.515176E-02,7.250244E-02,5.487102E-02,4.029704E-02,2.933799E-02,2.099168E-02,1.453034E-02,1.007124E-02,7.128909E-03,4.799704E-03,3.305831E-03,2.153230E-03,1.482888E-03,9.367192E-04,5.153478E-04,3.435704E-04,2.967305E-04,1.718008E-04,1.093399E-04,4.685548E-05,1.562109E-05,0.000000E+00,0.000000E+00
174.76050,-41.28800,0.00000,9.646464E-01,9.593461E-01,9.527219E-01,9.445075E-01,9.345129E-01,9.226936E-01,9.081377E-01,8.909746E-01,8.707635E-01,8.474469E-01,8.204066E-01,7.899416E-01,7.551052E-01,7.165232E-01,6.735709E-01,6.274199E-01,5.780795E-01,5.266235E-01,4.736299E-01,4.206590E-01,3.696481E-01,3.195097E-01,2.718696E-01,2.279109E-01,1.875576E-01,1.515903E-01,1.199265E-01,9.408877E-02,7.160214E-02,5.387428E-02,4.047729E-02,2.967048E-02,2.112774E-02,1.456132E-02,1.025684E-02,6.973356E-03,4.659498E-03,3.383749E-03,2.371278E-03,1.685284E-03,1.155087E-03,7.650511E-04,4.840822E-04,2.655196E-04,1.874375E-04,7.810547E-05,3.124219E-05,0.000000E+00,0.000000E+00,0.000000E+00
174.75990,-41.29570,0.00000,9.646177E-01,9.591787E-01,9.524156E-01,9.441867E-01,9.342016E-01,9.220660E-01,9.077170E-01,8.906519E-01,8.707285E-01,8.476133E-01,8.201492E-01,7.889529E-01,7.539427E-01,7.152051E-01,6.726902E-01,6.269397E-01,5.782418E-01,5.269362E-01,4.746399E-01,4.219258E-01,3.695748E-01,3.183595E-01,2.713278E-01,2.275494E-01,1.870859E-01,1.522747E-01,1.206197E-01,9.473507E-02,7.275532E-02,5.522848E-02,4.109291E-02,2.970218E-02,2.122072E-02,1.517733E-02,9.979071E-03,7.376965E-03,4.985865E-03,3.414656E-03,2.417923E-03,1.669764E-03,1.061548E-03,7.182581E-04,4.529103E-04,2.967461E-04,2.030508E-04,9.371095E-05,1.562109E-05,0.000000E+00,0.000000E+00,0.000000E+00
174.75591,-41.30430,0.00000,9.643931E-01,9.589207E-01,9.521955E-01,9.439670E-01,9.339981E-01,9.220199E-01,9.071750E-01,8.899536E-01,8.695699E-01,8.460611E-01,8.186134E-01,7.878703E-01,7.527707E-01,7.142010E-01,6.717595E-01,6.257052E-01,5.768435E-01,5.266053E-01,4.738206E-01,4.209260E-01,3.684785E-01,3.183446E-01,2.720861E-01,2.281899E-01,1.877899E-01,1.514124E-01,1.207851E-01,9.563688E-02,7.282677E-02,5.512628E-02,4.115073E-02,3.009333E-02,2.170935E-02,1.563829E-02,1.045792E-02,7.128258E-03,4.705885E-03,3.149978E-03,2.168672E-03,1.498283E-03,1.061555E-03,5.777775E-04,3.123594E-04,2.186641E-04,9.371876E-05,4.686328E-05,1.562109E-05,0.000000E+00,0.000000E+00,0.000000E+00
174.77470,-41.29100,0.00000,9.761914E-01,9.737502E-01,9.705533E-01,9.665198E-01,9.614338E-01,9.551377E-01,9.471692E-01,9.376633E-01,9.263752E-01,9.124401E-01,8.962170E-01,8.769388E-01,8.539786E-01,8.279315E-01,7.973202E-01,7.627051E-01,7.240491E-01,6.810395E-01,6.343389E-01,5.836483E-01,5.320477E-01,4.775078E-01,4.240186E-01,3.705600E-01,3.193004E-01,2.693705E-01,2.241430E-01,1.826745E-01,1.469568E-01,1.152720E-01,8.782218E-02,6.606521E-02,4.869038E-02,3.500644E-02,2.470070E-02,1.697613E-02,1.140044E-02,7.454650E-03,5.110203E-03,3.259450E-03,1.981616E-03,1.248735E-03,8.274575E-04,5.153244E-04,2.811406E-04,1.561875E-04,9.372656E-05,4.686328E-05,3.124219E-05,3.124219E-05
174.77280,-41.29470,0.00000,9.761536E-01,9.736727E-01,9.704285E-01,9.663299E-01,9.612335E-01,9.550608E-01,9.472976E-01,9.376124E-01,9.261851E-01,9.123551E-01,8.960154E-01,8.766276E-01,8.538539E-01,8.272868E-01,7.969779E-01,7.624021E-01,7.238029E-01,6.802199E-01,6.339188E-01,5.843015E-01,5.325462E-01,4.780993E-01,4.235260E-01,3.709569E-01,3.182025E-01,2.697874E-01,2.240465E-01,1.827569E-01,1.467062E-01,1.154578E-01,8.864088E-02,6.596069E-02,4.908969E-02,3.514248E-02,2.413619E-02,1.646831E-02,1.067402E-02,6.865188E-03,4.301793E-03,2.558333E-03,1.591869E-03,7.962699E-04,4.372423E-04,2.655118E-04,1.874297E-04,1.405899E-04,1.093477E-04,6.248437E-05,0.000000E+00,0.000000E+00
174.78281,-41.29210,0.00000,9.791656E-01,9.775608E-01,9.755357E-01,9.729077E-01,9.695240E-01,9.651429E-01,9.597334E-01,9.529454E-01,9.447066E-01,9.345234E-01,9.218425E-01,9.068121E-01,8.889351E-01,8.676777E-01,8.424869E-01,8.136132E-01,7.800882E-01,7.424552E-01,7.001117E-01,6.527570E-01,6.025791E-01,5.496734E-01,4.944807E-01,4.378011E-01,3.799334E-01,3.246065E-01,2.712926E-01,2.225233E-01,1.773635E-01,1.381539E-01,1.044296E-01,7.555202E-02,5.214250E-02,3.539931E-02,2.274741E-02,1.374368E-02,7.856619E-03,4.052791E-03,2.184215E-03,1.123923E-03,6.713636E-04,4.684298E-04,3.279415E-04,2.186407E-04,9.371876E-05,3.124219E-05,1.562109E-05,0.000000E+00,0.000000E+00,0.000000E+00
174.76590,-41.30790,0.00000,9.643388E-01,9.588902E-01,9.520747E-01,9.438438E-01,9.336026E-01,9.214887E-01,9.072244E-01,8.901228E-01,8.700840E-01,8.464055E-01,8.192555E-01,7.882925E-01,7.530607E-01,7.143251E-01,6.720968E-01,6.263521E-01,5.778967E-01,5.279503E-01,4.753796E-01,4.230802E-01,3.714110E-01,3.205394E-01,2.739692E-01,2.299435E-01,1.897553E-01,1.534572E-01,1.216168E-01,9.487363E-02,7.212425E-02,5.458008E-02,4.025020E-02,2.968492E-02,2.143339E-02,1.588352E-02,1.101486E-02,7.609857E-03,5.389935E-03,3.430207E-03,2.417861E-03,1.700975E-03,1.170724E-03,7.651214E-04,4.684923E-04,3.436016E-04,1.874297E-04,1.405742E-04,6.247657E-05,1.562109E-05,0.000000E+00,0.000000E+00
174.75650,-41.31690,0.00000,9.643362E-01,9.589024E-01,9.522209E-01,9.440304E-01,9.338223E-01,9.214802E-01,9.067313E-01,8.896081E-01,8.693439E-01,8.456016E-01,8.185382E-01,7.876364E-01,7.527964E-01,7.137912E-01,6.705164E-01,6.248823E-01,5.761420E-01,5.251299E-01,4.731790E-01,4.224205E-01,3.713817E-01,3.194676E-01,2.709321E-01,2.269498E-01,1.877833E-01,1.522112E-01,1.218201E-01,9.651571E-02,7.417575E-02,5.626188E-02,4.191168E-02,3.015223E-02,2.160080E-02,1.520458E-02,1.047040E-02,7.452587E-03,5.078456E-03,3.570283E-03,2.480244E-03,1.701123E-03,1.123923E-03,7.494066E-04,3.903946E-04,2.030508E-04,1.562031E-04,1.405899E-04,1.093477E-04,7.810547E-05,3.124219E-05,1.562109E-05
174.79289,-41.29190,0.00000,9.745238E-01,9.716532E-01,9.678984E-01,9.632208E-01,9.574841E-01,9.503251E-01,9.415762E-01,9.311457E-01,9.184647E-01,9.034070E-01,8.854518E-01,8.640891E-01,8.393388E-01,8.106700E-01,7.785316E-01,7.417154E-01,7.010146E-01,6.556590E-01,6.067069E-01,5.556567E-01,5.036925E-01,4.493661E-01,3.957174E-01,3.425314E-01,2.918221E-01,2.449524E-01,2.018517E-01,1.640553E-01,1.309497E-01,1.023197E-01,7.841601E-02,5.866235E-02,4.430810E-02,3.186686E-02,2.273405E-02,1.619268E-02,1.104514E-02,7.361329E-03,4.690544E-03,3.197130E-03,1.919568E-03,1.139739E-03,6.714885E-04,3.748438E-04,1.405820E-04,6.248437E-05,1.562109E-05,0.000000E+00,0.000000E+00,0.000000E+00
174.77750,-41.30250,0.00000,9.645329E-01,9.590011E-01,9.523574E-01,9.441371E-01,9.339765E-01,9.217337E-01,9.073160E-01,8.904280E-01,8.702615E-01,8.464463E-01,8.194861E-01,7.889451E-01,7.534752E-01,7.144641E-01,6.725485E-01,6.259181E-01,5.776210E-01,5.268208E-01,4.758118E-01,4.232128E-01,3.709594E-01,3.197468E-01,2.728655E-01,2.280394E-01,1.895788E-01,1.541327E-01,1.223817E-01,9.586161E-02,7.431570E-02,5.683816E-02,4.131580E-02,3.010876E-02,2.204551E-02,1.576176E-02,1.112193E-02,7.701527E-03,5.141376E-03,3.352499E-03,2.464771E-03,1.622909E-03,1.030360E-03,7.182581E-04,4.997189E-04,2.811563E-04,1.562109E-04,7.810547E-05,4.686328E-05,0.000000E+00,0.000000E+00,0.000000E+00
174.78760,-41.29880,0.00000,9.770417E-01,9.748541E-01,9.719751E-01,9.683366E-01,9.638080E-01,9.580193E-01,9.508150E-01,9.420184E-01,9.313152E-01,9.182985E-01,9.030290E-01,8.849081E-01,8.630915E-01,8.379013E-01,8.084846E-01,7.754617E-01,7.375823E-01,6.958347E-01,6.497611E-01,6.001577E-01,5.494531E-01,4.958002E-01,4.399728E-01,3.868272E-01,3.341592E-01,2.835395E-01,2.359312E-01,1.938792E-01,1.557725E-01,1.223269E-01,9.362396E-02,7.000609E-02,5.074964E-02,3.527601E-02,2.390630E-02,1.553050E-02,9.807783E-03,6.120047E-03,3.679155E-03,2.059425E-03,1.170591E-03,6.868756E-04,3.591759E-04,2.186485E-04,1.093164E-04,1.562109E-05,0.000000E+00,0.000000E+00,0.000000E+00,0.000000E+00
174.80080,-41.29230,0.00000,9.746373E-01,9.717409E-01,9.680269E-01,9.633173E-01,9.575196E-01,9.504098E-01,9.418013E-01,9.312961E-01,9.184898E-01,9.033284E-01,8.853946E-01,8.644083E-01,8.391275E-01,8.107629E-01,7.781101E-01,7.411458E-01,6.999857E-01,6.548826E-01,6.067725E-01,5.555612E-01,5.029458E-01,4.490671E-01,3.967627E-01,3.448908E-01,2.934560E-01,2.465678E-01,2.034830E-01,1.642395E-01,1.304599E-01,1.006951E-01,7.685377E-02,5.809308E-02,4.303872E-02,3.062573E-02,2.164775E-02,1.476180E-02,9.947707E-03,6.756525E-03,4.286639E-03,2.760963E-03,1.747862E-03,1.108333E-03,7.026058E-04,4.997111E-04,2.810938E-04,2.030508E-04,7.810547E-05,3.124219E-05,3.124219E-05,1.562109E-05
174.75810,-41.33150,0.00000,9.641648E-01,9.586933E-01,9.518583E-01,9.434594E-01,9.333372E-01,9.211506E-01,9.068402E-01,8.894169E-01,8.692416E-01,8.455071E-01,8.177539E-01,7.863457E-01,7.511120E-01,7.122993E-01,6.693639E-01,6.234140E-01,5.743227E-01,5.243459E-01,4.723327E-01,4.200223E-01,3.690006E-01,3.194020E-01,2.713754E-01,2.278841E-01,1.865456E-01,1.513949E-01,1.213987E-01,9.538358E-02,7.299583E-02,5.467910E-02,4.074356E-02,2.983619E-02,2.077582E-02,1.479262E-02,1.038174E-02,7.144670E-03,5.032705E-03,3.399292E-03,2.293399E-03,1.404751E-03,1.014723E-03,6.557971E-04,4.372813E-04,3.435704E-04,2.655117E-04,1.874297E-04,1.249609E-04,1.093399E-04,4.686328E-05,1.562109E-05
174.76579,-41.31950,0.00000,9.642189E-01,9.586299E-01,9.519200E-01,9.435301E-01,9.334505E-01,9.212286E-01,9.067007E-01,8.891925E-01,8.691055E-01,8.459048E-01,8.186387E-01,7.876803E-01,7.528472E-01,7.144328E-01,6.717839E-01,6.255152E-01,5.769445E-01,5.258693E-01,4.745044E-01,4.220905E-01,3.714079E-01,3.222587E-01,2.751819E-01,2.307328E-01,1.908064E-01,1.544831E-01,1.224364E-01,9.570627E-02,7.447417E-02,5.537562E-02,4.119707E-02,2.994220E-02,2.046954E-02,1.406819E-02,1.004028E-02,6.988803E-03,4.829912E-03,3.196623E-03,2.230992E-03,1.591869E-03,1.139598E-03,6.870237E-04,5.153322E-04,3.279805E-04,1.405664E-04,6.248437E-05,3.124219E-05,1.562109E-05,0.000000E+00,0.000000E+00
174.78320,-41.30900,0.00000,9.712607E-01,9.674942E-01,9.627522E-01,9.568233E-01,9.495976E-01,9.406738E-01,9.299324E-01,9.172319E-01,9.018300E-01,8.838543E-01,8.626253E-01,8.382235E-01,8.101702E-01,7.775923E-01,7.410705E-01,7.004903E-01,6.563411E-01,6.094385E-01,5.604819E-01,5.081385E-01,4.545114E-01,4.030595E-01,3.513597E-01,3.014952E-01,2.565151E-01,2.134433E-01,1.750120E-01,1.405450E-01,1.116634E-01,8.754211E-02,6.718697E-02,4.976737E-02,3.694989E-02,2.655838E-02,1.901580E-02,1.279032E-02,8.879940E-03,5.964614E-03,4.068202E-03,2.636119E-03,1.872526E-03,1.326622E-03,9.524262E-04,5.777775E-04,3.748360E-04,2.186719E-04,7.810547E-05,1.562109E-05,1.562109E-05,0.000000E+00
174.77609,-41.31290,0.00000,9.642650E-01,9.587716E-01,9.522073E-01,9.441018E-01,9.340586E-01,9.221084E-01,9.076844E-01,8.906327E-01,8.704993E-01,8.470362E-01,8.202459E-01,7.891552E-01,7.538258E-01,7.146299E-01,6.721141E-01,6.258165E-01,5.770934E-01,5.256657E-01,4.745574E-01,4.217186E-01,3.698674E-01,3.191964E-01,2.733757E-01,2.279914E-01,1.889938E-01,1.534327E-01,1.213176E-01,9.478123E-02,7.260554E-02,5.472776E-02,4.104605E-02,2.992876E-02,2.137114E-02,1.480618E-02,1.019374E-02,7.313783E-03,5.047509E-03,3.367933E-03,2.184161E-03,1.357974E-03,8.275901E-04,4.685391E-04,3.280040E-04,2.030586E-04,1.405742E-04,7.810547E-05,7.810547E-05,4.686328E-05,1.562109E-05,0.000000E+00
174.79630,-41.30160,0.00000,9.643877E-01,9.590213E-01,9.523193E-01,9.440600E-01,9.341670E-01,9.221692E-01,9.078318E-01,8.907719E-01,8.708298E-01,8.470227E-01,8.194613E-01,7.891518E-01,7.535800E-01,7.146623E-01,6.729116E-01,6.271647E-01,5.784209E-01,5.279856E-01,4.749950E-01,4.215013E-01,3.697866E-01,3.195659E-01,2.720768E-01,2.271675E-01,1.878238E-01,1.510206E-01,1.203790E-01,9.329228E-02,7.226211E-02,5.419447E-02,4.065772E-02,3.001812E-02,2.158592E-02,1.533074E-02,1.053411E-02,6.942563E-03,4.768532E-03,3.290427E-03,2.293570E-03,1.514021E-03,9.835514E-04,6.089807E-04,3.280118E-04,2.186953E-04,1.405899E-04,6.248437E-05,3.124219E-05,1.562109E-05,1.562109E-05,0.000000E+00
174.80040,-41.30500,0.00000,9.744384E-01,9.714552E-01,9.677850E-01,9.630941E-01,9.572927E-01,9.503133E-01,9.415720E-01,9.310620E-01,9.183122E-01,9.031427E-01,8.849371E-01,8.635933E-01,8.386164E-01,8.098130E-01,7.770200E-01,7.401696E-01,6.989032E-01,6.539904E-01,6.057994E-01,5.567648E-01,5.038145E-01,4.492015E-01,3.961431E-01,3.443558E-01,2.941381E-01,2.460970E-01,2.037963E-01,1.649823E-01,1.317462E-01,1.023991E-01,7.772586E-02,5.839568E-02,4.221396E-02,3.063782E-02,2.115860E-02,1.476038E-02,9.730568E-03,6.430544E-03,4.099832E-03,2.309020E-03,1.560775E-03,9.523170E-04,5.933908E-04,3.592305E-04,2.186641E-04,9.371095E-05,6.248437E-05,1.562109E-05,0.000000E+00,0.000000E+00
174.79420,-41.31680,0.00000,9.759235E-01,9.733655E-01,9.702019E-01,9.661301E-01,9.610065E-01,9.546588E-01,9.467905E-01,9.371899E-01,9.256708E-01,9.117505E-01,8.953419E-01,8.757887E-01,8.527585E-01,8.262793E-01,7.951605E-01,7.603393E-01,7.211957E-01,6.776895E-01,6.310430E-01,5.818543E-01,5.293089E-01,4.757108E-01,4.212283E-01,3.678113E-01,3.159229E-01,2.674957E-01,2.215495E-01,1.815269E-01,1.457317E-01,1.140039E-01,8.777849E-02,6.610988E-02,4.885137E-02,3.560767E-02,2.509493E-02,1.689580E-02,1.130561E-02,7.484898E-03,4.659559E-03,2.885261E-03,1.778854E-03,1.076966E-03,7.026136E-04,4.371955E-04,1.874219E-04,1.249531E-04,6.248437E-05,3.124219E-05,3.124219E-05,0.000000E+00
174.82449,-41.29710,0.00000,9.642726E-01,9.588500E-01,9.520304E-01,9.437982E-01,9.338749E-01,9.217299E-01,9.073853E-01,8.900843E-01,8.699748E-01,8.461654E-01,8.186919E-01,7.879036E-01,7.531214E-01,7.141845E-01,6.715161E-01,6.251634E-01,5.774583E-01,5.266327E-01,4.745857E-01,4.221550E-01,3.708726E-01,3.195055E-01,2.713179E-01,2.279442E-01,1.878616E-01,1.520794E-01,1.212340E-01,9.422176E-02,7.194865E-02,5.440684E-02,3.991137E-02,2.918680E-02,2.116016E-02,1.499275E-02,1.073581E-02,7.686874E-03,5.405493E-03,3.726282E-03,2.542759E-03,1.654306E-03,9.991179E-04,6.870003E-04,4.372267E-04,2.967383E-04,1.874219E-04,1.405742E-04,7.810547E-05,3.124219E-05,3.124219E-05,0.000000E+00
174.76910,-41.33750,0.00000,9.637148E-01,9.582667E-01,9.514098E-01,9.429244E-01,9.328050E-01,9.206647E-01,9.060404E-01,8.887589E-01,8.683853E-01,8.448853E-01,8.168530E-01,7.855272E-01,7.504709E-01,7.120156E-01,6.697153E-01,6.235849E-01,5.750682E-01,5.247836E-01,4.727909E-01,4.200199E-01,3.693007E-01,3.194654E-01,2.721226E-01,2.275318E-01,1.873655E-01,1.508830E-01,1.196365E-01,9.379216E-02,7.178801E-02,5.442019E-02,4.077791E-02,2.935205E-02,2.135708E-02,1.540756E-02,1.078242E-02,7.639245E-03,5.419794E-03,3.756187E-03,2.588719E-03,1.747487E-03,1.154993E-03,8.587231E-04,4.685157E-04,2.967383E-04,1.874453E-04,1.249687E-04,7.810547E-05,1.562109E-05,1.562109E-05,0.000000E+00
174.77589,-41.33670,0.00000,9.638118E-01,9.582357E-01,9.515221E-01,9.431328E-01,9.329654E-01,9.206363E-01,9.064079E-01,8.891354E-01,8.685941E-01,8.451085E-01,8.179912E-01,7.871877E-01,7.518334E-01,7.123801E-01,6.697483E-01,6.240521E-01,5.753870E-01,5.248502E-01,4.721831E-01,4.214973E-01,3.692207E-01,3.192849E-01,2.723358E-01,2.279252E-01,1.879071E-01,1.521402E-01,1.213917E-01,9.481866E-02,7.339446E-02,5.568863E-02,4.173750E-02,3.082201E-02,2.218343E-02,1.537760E-02,1.087505E-02,7.779460E-03,5.467115E-03,3.726003E-03,2.526951E-03,1.529229E-03,9.678678E-04,5.777619E-04,2.967305E-04,2.030274E-04,9.372656E-05,3.124219E-05,3.124219E-05,0.000000E+00,0.000000E+00,0.000000E+00
174.79420,-41.32710,0.00000,9.756683E-01,9.731433E-01,9.699406E-01,9.658398E-01,9.606195E-01,9.542444E-01,9.464292E-01,9.366032E-01,9.249470E-01,9.110427E-01,8.942838E-01,8.743644E-01,8.509432E-01,8.243459E-01,7.935055E-01,7.584870E-01,7.197596E-01,6.772348E-01,6.299853E-01,5.789082E-01,5.268577E-01,4.736017E-01,4.207236E-01,3.681870E-01,3.162189E-01,2.668949E-01,2.225031E-01,1.814412E-01,1.465271E-01,1.154312E-01,8.901221E-02,6.673306E-02,4.944481E-02,3.581962E-02,2.494334E-02,1.660700E-02,1.086001E-02,7.175703E-03,4.379462E-03,2.714045E-03,1.607467E-03,8.899418E-04,5.309532E-04,3.123829E-04,1.718164E-04,1.561953E-04,1.405742E-04,4.686328E-05,0.000000E+00,0.000000E+00
174.81760,-41.31290,0.00000,9.768180E-01,9.745739E-01,9.716858E-01,9.679635E-01,9.632932E-01,9.574845E-01,9.502597E-01,9.416276E-01,9.309127E-01,9.178582E-01,9.020540E-01,8.836878E-01,8.614796E-01,8.360759E-01,8.066015E-01,7.724702E-01,7.352409E-01,6.932715E-01,6.479445E-01,5.985475E-01,5.460912E-01,4.925057E-01,4.381405E-01,3.857948E-01,3.320788E-01,2.812959E-01,2.344467E-01,1.912464E-01,1.521372E-01,1.201622E-01,9.213957E-02,6.959964E-02,5.030565E-02,3.642107E-02,2.471477E-02,1.677461E-02,1.081299E-02,6.941314E-03,4.254371E-03,2.729604E-03,1.700834E-03,9.677898E-04,5.931879E-04,4.058909E-04,2.030040E-04,1.561719E-04,1.093399E-04,9.372656E-05,7.810547E-05,0.000000E+00
174.78081,-41.33780,0.00000,9.638560E-01,9.582226E-01,9.514457E-01,9.431877E-01,9.330062E-01,9.208450E-01,9.059235E-01,8.884872E-01,8.683644E-01,8.441185E-01,8.170627E-01,7.853328E-01,7.504726E-01,7.114206E-01,6.693424E-01,6.222358E-01,5.733891E-01,5.227926E-01,4.693888E-01,4.177633E-01,3.663426E-01,3.170363E-01,2.698814E-01,2.279494E-01,1.868824E-01,1.521687E-01,1.213273E-01,9.468158E-02,7.340282E-02,5.642295E-02,4.221278E-02,3.121234E-02,2.216601E-02,1.559161E-02,1.067373E-02,7.485039E-03,5.063465E-03,3.445828E-03,2.355719E-03,1.701061E-03,1.045981E-03,6.557503E-04,4.685079E-04,2.655118E-04,9.372656E-05,4.686328E-05,3.124219E-05,0.000000E+00,0.000000E+00,0.000000E+00
174.82980,-41.30930,0.00000,9.743010E-01,9.713495E-01,9.676372E-01,9.629246E-01,9.570664E-01,9.499795E-01,9.412428E-01,9.305521E-01,9.175819E-01,9.022977E-01,8.840103E-01,8.626441E-01,8.376708E-01,8.087804E-01,7.755543E-01,7.389240E-01,6.978431E-01,6.531534E-01,6.044623E-01,5.537191E-01,5.013006E-01,4.473992E-01,3.944865E-01,3.430687E-01,2.929187E-01,2.466185E-01,2.041672E-01,1.652507E-01,1.315121E-01,1.032742E-01,7.925390E-02,5.897328E-02,4.332270E-02,3.073198E-02,2.125119E-02,1.454545E-02,9.885001E-03,6.740819E-03,4.582232E-03,2.994874E-03,1.935299E-03,1.124110E-03,7.495393E-04,4.216915E-04,2.655039E-04,1.405742E-04,4.686328E-05,1.562109E-05,0.000000E+00,0.000000E+00
174.78740,-41.33780,0.00000,9.638218E-01,9.582594E-01,9.515349E-01,9.431859E-01,9.330246E-01,9.208471E-01,9.062014E-01,8.886832E-01,8.681139E-01,8.442135E-01,8.169822E-01,7.859986E-01,7.515711E-01,7.119439E-01,6.689688E-01,6.232585E-01,5.742658E-01,5.236710E-01,4.715917E-01,4.196011E-01,3.677021E-01,3.176175E-01,2.713108E-01,2.262564E-01,1.874101E-01,1.524192E-01,1.218622E-01,9.492084E-02,7.284173E-02,5.492316E-02,4.070245E-02,3.067001E-02,2.172420E-02,1.566861E-02,1.101358E-02,7.686061E-03,5.374329E-03,3.570259E-03,2.527068E-03,1.498439E-03,9.367817E-04,6.870861E-04,4.372813E-04,2.499063E-04,1.405820E-04,7.810547E-05,3.124219E-05,1.562109E-05,0.000000E+00,0.000000E+00
174.80969,-41.33080,0.00000,9.741400E-01,9.712113E-01,9.674267E-01,9.627457E-01,9.567701E-01,9.495150E-01,9.407105E-01,9.301368E-01,9.171610E-01,9.015859E-01,8.832211E-01,8.615708E-01,8.362504E-01,8.076977E-01,7.744460E-01,7.371082E-01,6.958556E-01,6.515825E-01,6.030581E-01,5.527053E-01,4.997535E-01,4.468713E-01,3.929740E-01,3.407096E-01,2.903909E-01,2.439084E-01,2.009756E-01,1.631251E-01,1.298428E-01,1.016598E-01,7.841773E-02,5.909028E-02,4.327757E-02,3.118606E-02,2.209171E-02,1.505333E-02,1.038047E-02,6.601310E-03,4.130716E-03,2.776545E-03,1.810338E-03,9.992972E-04,6.246642E-04,3.279961E-04,1.874453E-04,1.562109E-04,1.405899E-04,4.686328E-05,0.000000E+00,0.000000E+00
174.82050,-41.33160,0.00000,9.637803E-01,9.582847E-01,9.512675E-01,9.428729E-01,9.327534E-01,9.204736E-01,9.059473E-01,8.886207E-01,8.681337E-01,8.443139E-01,8.170778E-01,7.858616E-01,7.503011E-01,7.105840E-01,6.671855E-01,6.215261E-01,5.732690E-01,5.234203E-01,4.715421E-01,4.189317E-01,3.679432E-01,3.176469E-01,2.704653E-01,2.256368E-01,1.854738E-01,1.514312E-01,1.208437E-01,9.558485E-02,7.420060E-02,5.623876E-02,4.157301E-02,2.982082E-02,2.109742E-02,1.483860E-02,1.024134E-02,7.175222E-03,4.877171E-03,3.321327E-03,1.934839E-03,1.279970E-03,8.899965E-04,6.714573E-04,4.528634E-04,2.811485E-04,1.874375E-04,1.405820E-04,9.371876E-05,6.248437E-05,4.686328E-05,0.000000E+00
174.83290,-41.32780,0.00000,9.741610E-01,9.712277E-01,9.675149E-01,9.627079E-01,9.567826E-01,9.494787E-01,9.406138E-01,9.297624E-01,9.171625E-01,9.017407E-01,8.835611E-01,8.621618E-01,8.370864E-01,8.084351E-01,7.757341E-01,7.383857E-01,6.961269E-01,6.506723E-01,6.022184E-01,5.505127E-01,4.975753E-01,4.444396E-01,3.906560E-01,3.380533E-01,2.885121E-01,2.430583E-01,2.002233E-01,1.623824E-01,1.294551E-01,1.017261E-01,7.853927E-02,5.913908E-02,4.413035E-02,3.157626E-02,2.244101E-02,1.529853E-02,1.027068E-02,7.174967E-03,4.612984E-03,3.150321E-03,1.732350E-03,8.588011E-04,5.621954E-04,2.811485E-04,2.499141E-04,1.093477E-04,4.686328E-05,3.124219E-05,0.000000E+00,0.000000E+00
