#,,,,,,,,,,,,,,,,,,,,,,,,,,,,,,,,,,,,,,,,,,,,,,,,,,,,"generated_by='OpenQuake engine 3.9.0', start_date='2020-08-20T05:18:33', checksum=2950940446, kind='quantile-0.85', investigation_time=1.0, imt='PGA'"
lon,lat,depth,poe-0.0010000,poe-0.0011775,poe-0.0013865,poe-0.0016326,poe-0.0019224,poe-0.0022636,poe-0.0026654,poe-0.0031386,poe-0.0036957,poe-0.0043517,poe-0.0051241,poe-0.0060336,poe-0.0071046,poe-0.0083657,poe-0.0098506,poe-0.0115991,poe-0.0136580,poe-0.0160823,poe-0.0189369,poe-0.0222983,poe-0.0262563,poe-0.0309168,poe-0.0364046,poe-0.0428665,poe-0.0504754,poe-0.0594349,poe-0.0699847,poe-0.0824071,poe-0.0970346,poe-0.1142584,poe-0.1345395,poe-0.1584205,poe-0.1865405,poe-0.2196518,poe-0.2586404,poe-0.3045496,poe-0.3586078,poe-0.4222614,poe-0.4972136,poe-0.5854700,poe-0.6893921,poe-0.8117606,poe-0.9558498,poe-1.1255150,poe-1.3252962,poe-1.5605390,poe-1.8375378,poe-2.1637044,poe-2.5477663,poe-3.0000000
174.82111,-41.16430,0.00000,9.688861E-01,9.647539E-01,9.599289E-01,9.537824E-01,9.462063E-01,9.375319E-01,9.274224E-01,9.148635E-01,9.001513E-01,8.832709E-01,8.618748E-01,8.381997E-01,8.108093E-01,7.789791E-01,7.420265E-01,7.017430E-01,6.584291E-01,6.073295E-01,5.542493E-01,5.013240E-01,4.418297E-01,3.865766E-01,3.285393E-01,2.717403E-01,2.213527E-01,1.793019E-01,1.391188E-01,1.047026E-01,7.937263E-02,5.927082E-02,4.400252E-02,3.159025E-02,2.283522E-02,1.646296E-02,1.192829E-02,8.463977E-03,6.081413E-03,4.091586E-03,3.095180E-03,2.496878E-03,1.498876E-03,9.995002E-04,4.998750E-04,4.998750E-04,4.998750E-04,0.000000E+00,0.000000E+00,0.000000E+00,0.000000E+00,0.000000E+00
174.72530,-41.28380,0.00000,9.678229E-01,9.634875E-01,9.582182E-01,9.517182E-01,9.443291E-01,9.353327E-01,9.243698E-01,9.117957E-01,8.961698E-01,8.781056E-01,8.556334E-01,8.305843E-01,8.017232E-01,7.697747E-01,7.314926E-01,6.934847E-01,6.515279E-01,6.035874E-01,5.508500E-01,4.938368E-01,4.379134E-01,3.784255E-01,3.236840E-01,2.697000E-01,2.210433E-01,1.800398E-01,1.398083E-01,1.046132E-01,7.983283E-02,5.832962E-02,4.505352E-02,3.352513E-02,2.420231E-02,1.793716E-02,1.390246E-02,1.004915E-02,6.975557E-03,5.484903E-03,3.992011E-03,3.095180E-03,1.998001E-03,1.498876E-03,1.099375E-03,9.995002E-04,5.998000E-04,4.998750E-04,0.000000E+00,0.000000E+00,0.000000E+00,0.000000E+00
174.78860,-41.25260,0.00000,9.678518E-01,9.637675E-01,9.586341E-01,9.523655E-01,9.450752E-01,9.363018E-01,9.250848E-01,9.130043E-01,8.973365E-01,8.787618E-01,8.585204E-01,8.326544E-01,8.048330E-01,7.737919E-01,7.374725E-01,6.940995E-01,6.508650E-01,5.999237E-01,5.481020E-01,4.943950E-01,4.393733E-01,3.797917E-01,3.210447E-01,2.687497E-01,2.228330E-01,1.778223E-01,1.394633E-01,1.071171E-01,8.157954E-02,6.030500E-02,4.314172E-02,3.159025E-02,2.371429E-02,1.646296E-02,1.222449E-02,9.058701E-03,5.982036E-03,4.489890E-03,3.095180E-03,2.596603E-03,1.998001E-03,1.498876E-03,9.995002E-04,5.998000E-04,4.998750E-04,4.998750E-04,0.000000E+00,0.000000E+00,0.000000E+00,0.000000E+00
174.80280,-41.24950,0.00000,9.683083E-01,9.640742E-01,9.589761E-01,9.525794E-01,9.447673E-01,9.355586E-01,9.245360E-01,9.122529E-01,8.977056E-01,8.788826E-01,8.594511E-01,8.346155E-01,8.063868E-01,7.734746E-01,7.369729E-01,6.949543E-01,6.504809E-01,6.045377E-01,5.501314E-01,4.939396E-01,4.335688E-01,3.773042E-01,3.202291E-01,2.671348E-01,2.222109E-01,1.757652E-01,1.406680E-01,1.033592E-01,7.688365E-02,5.644440E-02,4.180112E-02,3.304177E-02,2.381189E-02,1.695460E-02,1.291586E-02,9.653027E-03,7.074835E-03,5.484903E-03,3.992011E-03,2.496878E-03,1.998001E-03,1.498876E-03,9.995002E-04,9.995002E-04,4.998750E-04,4.998750E-04,4.998750E-04,0.000000E+00,0.000000E+00,0.000000E+00
174.76871,-41.28250,0.00000,9.678454E-01,9.633301E-01,9.583727E-01,9.519398E-01,9.443069E-01,9.353779E-01,9.248673E-01,9.113889E-01,8.964808E-01,8.783220E-01,8.572698E-01,8.318332E-01,8.055142E-01,7.723379E-01,7.348074E-01,6.926597E-01,6.486940E-01,6.015583E-01,5.486893E-01,4.908372E-01,4.371819E-01,3.813403E-01,3.251062E-01,2.750843E-01,2.229883E-01,1.802041E-01,1.397223E-01,1.061345E-01,8.020088E-02,6.058694E-02,4.505352E-02,3.352513E-02,2.439737E-02,1.685631E-02,1.252093E-02,9.455018E-03,6.578248E-03,4.987521E-03,3.493882E-03,2.496878E-03,1.998001E-03,9.995002E-04,9.995002E-04,4.998750E-04,4.998750E-04,0.000000E+00,0.000000E+00,0.000000E+00,0.000000E+00,0.000000E+00
174.77380,-41.32330,0.00000,9.671335E-01,9.629431E-01,9.577223E-01,9.515343E-01,9.441284E-01,9.347348E-01,9.239146E-01,9.099044E-01,8.953881E-01,8.762009E-01,8.559219E-01,8.307198E-01,8.017051E-01,7.701198E-01,7.349402E-01,6.934884E-01,6.494315E-01,5.994032E-01,5.499966E-01,4.951490E-01,4.330544E-01,3.768074E-01,3.217233E-01,2.645676E-01,2.167464E-01,1.747751E-01,1.362743E-01,1.047032E-01,8.112022E-02,6.068086E-02,4.495804E-02,3.362171E-02,2.478760E-02,1.842807E-02,1.370504E-02,1.054400E-02,7.471945E-03,5.086997E-03,3.593508E-03,2.596603E-03,1.998001E-03,1.498876E-03,5.998000E-04,4.998750E-04,0.000000E+00,0.000000E+00,0.000000E+00,0.000000E+00,0.000000E+00,0.000000E+00
174.79240,-41.30910,0.00000,9.756494E-01,9.731798E-01,9.703086E-01,9.664593E-01,9.619896E-01,9.568771E-01,9.499882E-01,9.422767E-01,9.328077E-01,9.216680E-01,9.088273E-01,8.919646E-01,8.728257E-01,8.491994E-01,8.221828E-01,7.921002E-01,7.582859E-01,7.213225E-01,6.744694E-01,6.262992E-01,5.728404E-01,5.150426E-01,4.596821E-01,3.993842E-01,3.401199E-01,2.858055E-01,2.338671E-01,1.880364E-01,1.446973E-01,1.065813E-01,8.194686E-02,6.443062E-02,4.686574E-02,3.497376E-02,2.420231E-02,1.783897E-02,1.311318E-02,9.058701E-03,6.578248E-03,4.987521E-03,2.995505E-03,1.998001E-03,9.995002E-04,4.998750E-04,4.998750E-04,0.000000E+00,0.000000E+00,0.000000E+00,0.000000E+00,0.000000E+00
174.78439,-41.32050,0.00000,9.744368E-01,9.718188E-01,9.684474E-01,9.642427E-01,9.589514E-01,9.528018E-01,9.455460E-01,9.366446E-01,9.257408E-01,9.127945E-01,8.974370E-01,8.806625E-01,8.594922E-01,8.347501E-01,8.065623E-01,7.742889E-01,7.351786E-01,6.942837E-01,6.493949E-01,5.996034E-01,5.456102E-01,4.898240E-01,4.308407E-01,3.750602E-01,3.190728E-01,2.685306E-01,2.218996E-01,1.751040E-01,1.366183E-01,1.061345E-01,7.946359E-02,5.974106E-02,4.304604E-02,3.197755E-02,2.342128E-02,1.636462E-02,1.103860E-02,8.959621E-03,5.982036E-03,4.091586E-03,2.995505E-03,1.498876E-03,9.995002E-04,9.995002E-04,4.998750E-04,4.998750E-04,0.000000E+00,0.000000E+00,0.000000E+00,0.000000E+00
174.78909,-41.32430,0.00000,9.669489E-01,9.625368E-01,9.574509E-01,9.512525E-01,9.437414E-01,9.342895E-01,9.230341E-01,9.095174E-01,8.943896E-01,8.759525E-01,8.551997E-01,8.301942E-01,8.020617E-01,7.699594E-01,7.348872E-01,6.935794E-01,6.481675E-01,5.978779E-01,5.451550E-01,4.901299E-01,4.354915E-01,3.792952E-01,3.221968E-01,2.702836E-01,2.193278E-01,1.715509E-01,1.325497E-01,1.033592E-01,7.845154E-02,5.974106E-02,4.553087E-02,3.246144E-02,2.381189E-02,1.793716E-02,1.350792E-02,9.950167E-03,6.975557E-03,4.987521E-03,3.992011E-03,2.496878E-03,1.498876E-03,1.498876E-03,9.995002E-04,9.995002E-04,4.998750E-04,4.998750E-04,0.000000E+00,0.000000E+00,0.000000E+00,0.000000E+00
174.82330,-41.30600,0.00000,9.670314E-01,9.628057E-01,9.575233E-01,9.510912E-01,9.438371E-01,9.345193E-01,9.239755E-01,9.108112E-01,8.950213E-01,8.777636E-01,8.566118E-01,8.313281E-01,8.027533E-01,7.683892E-01,7.314711E-01,6.899742E-01,6.430593E-01,5.948893E-01,5.426013E-01,4.845408E-01,4.318096E-01,3.729318E-01,3.176414E-01,2.639067E-01,2.167472E-01,1.712194E-01,1.334192E-01,1.032696E-01,7.826729E-02,5.889355E-02,4.256697E-02,3.265485E-02,2.469009E-02,1.793716E-02,1.291586E-02,8.563106E-03,5.982036E-03,4.489890E-03,2.995505E-03,1.998001E-03,1.498876E-03,9.995002E-04,4.998750E-04,4.998750E-04,4.998750E-04,4.998750E-04,0.000000E+00,0.000000E+00,0.000000E+00,0.000000E+00
174.82330,-41.31460,0.00000,9.778784E-01,9.761531E-01,9.737319E-01,9.708033E-01,9.669750E-01,9.623224E-01,9.572164E-01,9.504908E-01,9.422423E-01,9.318861E-01,9.203888E-01,9.062946E-01,8.893514E-01,8.690185E-01,8.455059E-01,8.166183E-01,7.852314E-01,7.475896E-01,7.057424E-01,6.583606E-01,6.060771E-01,5.497257E-01,4.925659E-01,4.314125E-01,3.722416E-01,3.113344E-01,2.588098E-01,2.091128E-01,1.653142E-01,1.277681E-01,9.841412E-02,7.475797E-02,5.550037E-02,4.266316E-02,2.955447E-02,2.038925E-02,1.400104E-02,9.950167E-03,5.982036E-03,3.992011E-03,2.496878E-03,1.998001E-03,9.995002E-04,4.998750E-04,4.998750E-04,0.000000E+00,0.000000E+00,0.000000E+00,0.000000E+00,0.000000E+00
174.81419,-41.32070,0.00000,9.667799E-01,9.625220E-01,9.573914E-01,9.507722E-01,9.432839E-01,9.335626E-01,9.230884E-01,9.097073E-01,8.944741E-01,8.761520E-01,8.538319E-01,8.293430E-01,8.012882E-01,7.676474E-01,7.317135E-01,6.925676E-01,6.471104E-01,5.988419E-01,5.464274E-01,4.906399E-01,4.318084E-01,3.731811E-01,3.157279E-01,2.625080E-01,2.165902E-01,1.753530E-01,1.383445E-01,1.056866E-01,7.937263E-02,5.945880E-02,4.371560E-02,3.304177E-02,2.273752E-02,1.744601E-02,1.301455E-02,9.455018E-03,6.975557E-03,4.987521E-03,3.493882E-03,2.496878E-03,1.598701E-03,1.498876E-03,9.995002E-04,9.995002E-04,4.998750E-04,4.998750E-04,0.000000E+00,0.000000E+00,0.000000E+00,0.000000E+00
174.80141,-41.32100,0.00000,9.768693E-01,9.747795E-01,9.720404E-01,9.687738E-01,9.647045E-01,9.598004E-01,9.538056E-01,9.468904E-01,9.379925E-01,9.273934E-01,9.146248E-01,8.999214E-01,8.826154E-01,8.613358E-01,8.359852E-01,8.078156E-01,7.747399E-01,7.351257E-01,6.912425E-01,6.426352E-01,5.920048E-01,5.357350E-01,4.772216E-01,4.232807E-01,3.617336E-01,3.041353E-01,2.459524E-01,1.945867E-01,1.536310E-01,1.194424E-01,9.162681E-02,7.086386E-02,5.266261E-02,3.930661E-02,2.819487E-02,1.989932E-02,1.291586E-02,8.959621E-03,6.578248E-03,4.987521E-03,3.194806E-03,1.998001E-03,1.498876E-03,9.995002E-04,4.998750E-04,4.998750E-04,9.997500E-05,0.000000E+00,0.000000E+00,0.000000E+00
174.76759,-41.28910,0.00000,9.680026E-01,9.638689E-01,9.586631E-01,9.523847E-01,9.445680E-01,9.351953E-01,9.249424E-01,9.118134E-01,8.963774E-01,8.781053E-01,8.575123E-01,8.326219E-01,8.034809E-01,7.718834E-01,7.366049E-01,6.949239E-01,6.497750E-01,6.025551E-01,5.512542E-01,4.960101E-01,4.397634E-01,3.843028E-01,3.261851E-01,2.768221E-01,2.241529E-01,1.768361E-01,1.365332E-01,1.043449E-01,7.983283E-02,6.011711E-02,4.553087E-02,3.342849E-02,2.342128E-02,1.734776E-02,1.242220E-02,9.455018E-03,6.578248E-03,4.489890E-03,3.095180E-03,2.097777E-03,1.498876E-03,1.099375E-03,9.995002E-04,5.998000E-04,4.998750E-04,9.997500E-05,0.000000E+00,0.000000E+00,0.000000E+00,0.000000E+00
174.83380,-41.15670,0.00000,9.688485E-01,9.647222E-01,9.597200E-01,9.543385E-01,9.470969E-01,9.385603E-01,9.281014E-01,9.153969E-01,9.008676E-01,8.826624E-01,8.615271E-01,8.379580E-01,8.093277E-01,7.778713E-01,7.412251E-01,7.024874E-01,6.571273E-01,6.085117E-01,5.559419E-01,4.996243E-01,4.442849E-01,3.820184E-01,3.270601E-01,2.721788E-01,2.205737E-01,1.772476E-01,1.337658E-01,1.038970E-01,7.808276E-02,5.738748E-02,4.237577E-02,3.071823E-02,2.185757E-02,1.744601E-02,1.252093E-02,8.959621E-03,5.982036E-03,3.992011E-03,2.995505E-03,1.998001E-03,1.998001E-03,1.099375E-03,5.998000E-04,4.998750E-04,4.998750E-04,4.998750E-04,0.000000E+00,0.000000E+00,0.000000E+00,0.000000E+00
174.81689,-41.18150,0.00000,9.686550E-01,9.644956E-01,9.596918E-01,9.536853E-01,9.462545E-01,9.379615E-01,9.277410E-01,9.154912E-01,9.007884E-01,8.832359E-01,8.625496E-01,8.380065E-01,8.087357E-01,7.764455E-01,7.393299E-01,6.986853E-01,6.536134E-01,6.040972E-01,5.546960E-01,4.987744E-01,4.412762E-01,3.813398E-01,3.267240E-01,2.680899E-01,2.201861E-01,1.713836E-01,1.333326E-01,1.024621E-01,7.826729E-02,5.785867E-02,4.448040E-02,3.207433E-02,2.371429E-02,1.685631E-02,1.242220E-02,8.959621E-03,6.081413E-03,4.489890E-03,3.493882E-03,2.995505E-03,2.097777E-03,1.598701E-03,1.498876E-03,9.995002E-04,4.998750E-04,4.998750E-04,0.000000E+00,0.000000E+00,0.000000E+00,0.000000E+00
174.81979,-41.21670,0.00000,9.684379E-01,9.641352E-01,9.589760E-01,9.530231E-01,9.455622E-01,9.372627E-01,9.263697E-01,9.141708E-01,8.995906E-01,8.805783E-01,8.591838E-01,8.344522E-01,8.065623E-01,7.728379E-01,7.365491E-01,6.951055E-01,6.512847E-01,6.026716E-01,5.501314E-01,4.964114E-01,4.413315E-01,3.838100E-01,3.269930E-01,2.713773E-01,2.229106E-01,1.760942E-01,1.350636E-01,1.052402E-01,8.157954E-02,6.002282E-02,4.409809E-02,3.400825E-02,2.322602E-02,1.685631E-02,1.242220E-02,8.959621E-03,6.478921E-03,4.589416E-03,3.493882E-03,2.596603E-03,1.998001E-03,9.995002E-04,9.995002E-04,4.998750E-04,4.998750E-04,0.000000E+00,0.000000E+00,0.000000E+00,0.000000E+00,0.000000E+00
174.82719,-41.17400,0.00000,9.788919E-01,9.770032E-01,9.747341E-01,9.719845E-01,9.686957E-01,9.643888E-01,9.594452E-01,9.531170E-01,9.455297E-01,9.362764E-01,9.245659E-01,9.111494E-01,8.949267E-01,8.757781E-01,8.533778E-01,8.257544E-01,7.925977E-01,7.570739E-01,7.166295E-01,6.711971E-01,6.215608E-01,5.664291E-01,5.073713E-01,4.488234E-01,3.863311E-01,3.285393E-01,2.718868E-01,2.182341E-01,1.698094E-01,1.310763E-01,9.697000E-02,7.262724E-02,5.029131E-02,3.642021E-02,2.546985E-02,1.842807E-02,1.192829E-02,7.968085E-03,4.987521E-03,3.493882E-03,1.998001E-03,1.498876E-03,9.995002E-04,4.998750E-04,4.998750E-04,4.998750E-04,9.997500E-05,0.000000E+00,0.000000E+00,0.000000E+00
174.83900,-41.17730,0.00000,9.788814E-01,9.771041E-01,9.748098E-01,9.720713E-01,9.684916E-01,9.643854E-01,9.588363E-01,9.525889E-01,9.451633E-01,9.359826E-01,9.247094E-01,9.117158E-01,8.958579E-01,8.761396E-01,8.523185E-01,8.252851E-01,7.935911E-01,7.569285E-01,7.162606E-01,6.693836E-01,6.182539E-01,5.627276E-01,5.055438E-01,4.460048E-01,3.843028E-01,3.267240E-01,2.683844E-01,2.140010E-01,1.652308E-01,1.272446E-01,9.434784E-02,7.058500E-02,5.086090E-02,3.824929E-02,2.615196E-02,1.901678E-02,1.301455E-02,8.959621E-03,6.478921E-03,4.091586E-03,1.998001E-03,9.995002E-04,4.998750E-04,0.000000E+00,0.000000E+00,0.000000E+00,0.000000E+00,0.000000E+00,0.000000E+00,0.000000E+00
174.81219,-41.19640,0.00000,9.684600E-01,9.640850E-01,9.592662E-01,9.532901E-01,9.459255E-01,9.373255E-01,9.260886E-01,9.139649E-01,8.988345E-01,8.809128E-01,8.600793E-01,8.372107E-01,8.090990E-01,7.769796E-01,7.409409E-01,6.991343E-01,6.543390E-01,6.050857E-01,5.556754E-01,4.998762E-01,4.414429E-01,3.828233E-01,3.255088E-01,2.733423E-01,2.224443E-01,1.773298E-01,1.341982E-01,1.034480E-01,7.974087E-02,5.776447E-02,4.314172E-02,3.120274E-02,2.322602E-02,1.695460E-02,1.252093E-02,9.058701E-03,7.471945E-03,5.584329E-03,4.091586E-03,2.995505E-03,2.097777E-03,1.498876E-03,9.995002E-04,9.995002E-04,4.998750E-04,4.998750E-04,0.000000E+00,0.000000E+00,0.000000E+00,0.000000E+00
174.80701,-41.21090,0.00000,9.683651E-01,9.641245E-01,9.590784E-01,9.533647E-01,9.458053E-01,9.368157E-01,9.263403E-01,9.144710E-01,8.997412E-01,8.820860E-01,8.614328E-01,8.357713E-01,8.073134E-01,7.755706E-01,7.390430E-01,6.987752E-01,6.537520E-01,6.049319E-01,5.533110E-01,4.946981E-01,4.408848E-01,3.805346E-01,3.297470E-01,2.754467E-01,2.226745E-01,1.768361E-01,1.385170E-01,1.062238E-01,7.882015E-02,6.058694E-02,4.505352E-02,3.207433E-02,2.469009E-02,1.734776E-02,1.192829E-02,8.563106E-03,7.074835E-03,5.484903E-03,3.593508E-03,2.097777E-03,1.598701E-03,1.498876E-03,9.995002E-04,4.998750E-04,4.998750E-04,0.000000E+00,0.000000E+00,0.000000E+00,0.000000E+00,0.000000E+00
174.77570,-41.28490,0.00000,9.676681E-01,9.636514E-01,9.583810E-01,9.525699E-01,9.450153E-01,9.355071E-01,9.245511E-01,9.109533E-01,8.963669E-01,8.779194E-01,8.567694E-01,8.320347E-01,8.034422E-01,7.702354E-01,7.342502E-01,6.930284E-01,6.485183E-01,5.999995E-01,5.516580E-01,4.940395E-01,4.383631E-01,3.823293E-01,3.269933E-01,2.715234E-01,2.224443E-01,1.783162E-01,1.406674E-01,1.075634E-01,7.983283E-02,5.710450E-02,4.314172E-02,3.226774E-02,2.429987E-02,1.744601E-02,1.242220E-02,8.959621E-03,7.074835E-03,5.584329E-03,3.992011E-03,2.995505E-03,1.998001E-03,1.099375E-03,4.998750E-04,4.998750E-04,4.998750E-04,4.998750E-04,0.000000E+00,0.000000E+00,0.000000E+00,0.000000E+00
174.79379,-41.22310,0.00000,9.680920E-01,9.638652E-01,9.587704E-01,9.527917E-01,9.461740E-01,9.372564E-01,9.263915E-01,9.139645E-01,8.991579E-01,8.817554E-01,8.605005E-01,8.345848E-01,8.067747E-01,7.756382E-01,7.383895E-01,6.979612E-01,6.523643E-01,6.015583E-01,5.498165E-01,4.952036E-01,4.349824E-01,3.794195E-01,3.239576E-01,2.675780E-01,2.215104E-01,1.770006E-01,1.367923E-01,1.021917E-01,7.642198E-02,5.691605E-02,4.314172E-02,3.255817E-02,2.381189E-02,1.695460E-02,1.350792E-02,1.004915E-02,7.074835E-03,5.484903E-03,3.593508E-03,2.596603E-03,1.998001E-03,1.498876E-03,9.995002E-04,4.998750E-04,9.997500E-05,0.000000E+00,0.000000E+00,0.000000E+00,0.000000E+00,0.000000E+00
174.82539,-41.20470,0.00000,9.687551E-01,9.642426E-01,9.593801E-01,9.535092E-01,9.458555E-01,9.364775E-01,9.259544E-01,9.136022E-01,8.984285E-01,8.803630E-01,8.600531E-01,8.363622E-01,8.075271E-01,7.747844E-01,7.390953E-01,6.973563E-01,6.521202E-01,6.037460E-01,5.468808E-01,4.939901E-01,4.361100E-01,3.836868E-01,3.251736E-01,2.731245E-01,2.194051E-01,1.775762E-01,1.371376E-01,1.043449E-01,7.817481E-02,5.785867E-02,4.314172E-02,3.294509E-02,2.371429E-02,1.685631E-02,1.242220E-02,9.058701E-03,7.074835E-03,5.186424E-03,3.593508E-03,2.995505E-03,1.998001E-03,1.598701E-03,1.498876E-03,5.998000E-04,4.998750E-04,4.998750E-04,0.000000E+00,0.000000E+00,0.000000E+00,0.000000E+00
174.80310,-41.21820,0.00000,9.682702E-01,9.641603E-01,9.589264E-01,9.532761E-01,9.457849E-01,9.366892E-01,9.262961E-01,9.130912E-01,8.986119E-01,8.799683E-01,8.591979E-01,8.342705E-01,8.045356E-01,7.720202E-01,7.367365E-01,6.948952E-01,6.514242E-01,6.008024E-01,5.516136E-01,4.959088E-01,4.421689E-01,3.828845E-01,3.257769E-01,2.721788E-01,2.225220E-01,1.786450E-01,1.374824E-01,1.064022E-01,8.139557E-02,5.870623E-02,4.362002E-02,3.217106E-02,2.332368E-02,1.783897E-02,1.291586E-02,9.455018E-03,7.471945E-03,5.484903E-03,3.593508E-03,2.496878E-03,1.998001E-03,1.498876E-03,9.995002E-04,9.995002E-04,4.998750E-04,4.998750E-04,4.998750E-04,0.000000E+00,0.000000E+00,0.000000E+00
174.77161,-41.24640,0.00000,9.681045E-01,9.639516E-01,9.588610E-01,9.526173E-01,9.454206E-01,9.366258E-01,9.261412E-01,9.140509E-01,8.985714E-01,8.811389E-01,8.600818E-01,8.350313E-01,8.062521E-01,7.741761E-01,7.382329E-01,6.968719E-01,6.506556E-01,6.012402E-01,5.478300E-01,4.945954E-01,4.423356E-01,3.871897E-01,3.276646E-01,2.772558E-01,2.259354E-01,1.779042E-01,1.406680E-01,1.073851E-01,8.350614E-02,6.077472E-02,4.400252E-02,3.207433E-02,2.420231E-02,1.754420E-02,1.350792E-02,1.044507E-02,7.571173E-03,5.086997E-03,3.593508E-03,2.496878E-03,1.998001E-03,1.498876E-03,9.995002E-04,5.998000E-04,4.998750E-04,0.000000E+00,0.000000E+00,0.000000E+00,0.000000E+00,0.000000E+00
174.80760,-41.22460,0.00000,9.752096E-01,9.725420E-01,9.693554E-01,9.654552E-01,9.606437E-01,9.546660E-01,9.475396E-01,9.390133E-01,9.286672E-01,9.156769E-01,9.018148E-01,8.845826E-01,8.640811E-01,8.399221E-01,8.101445E-01,7.784263E-01,7.428505E-01,7.021855E-01,6.576425E-01,6.078057E-01,5.558521E-01,4.982232E-01,4.429498E-01,3.803492E-01,3.213157E-01,2.658189E-01,2.179204E-01,1.722131E-01,1.342853E-01,1.017437E-01,7.789850E-02,5.880034E-02,4.371560E-02,3.294509E-02,2.322602E-02,1.636462E-02,1.113743E-02,7.968085E-03,5.484903E-03,3.493882E-03,3.095180E-03,2.496878E-03,1.498876E-03,9.995002E-04,4.998750E-04,4.998750E-04,0.000000E+00,0.000000E+00,0.000000E+00,0.000000E+00
174.79330,-41.23510,0.00000,9.681621E-01,9.641280E-01,9.587373E-01,9.525462E-01,9.451855E-01,9.363145E-01,9.259784E-01,9.124454E-01,8.983173E-01,8.806028E-01,8.593526E-01,8.340694E-01,8.053576E-01,7.739272E-01,7.365255E-01,6.944365E-01,6.516683E-01,6.014410E-01,5.477850E-01,4.933807E-01,4.375761E-01,3.816496E-01,3.257807E-01,2.734149E-01,2.198740E-01,1.771653E-01,1.345447E-01,1.022824E-01,7.799066E-02,6.011711E-02,4.457593E-02,3.207433E-02,2.332368E-02,1.685631E-02,1.252093E-02,9.058701E-03,6.578248E-03,4.987521E-03,3.493882E-03,2.995505E-03,1.598701E-03,1.099375E-03,9.995002E-04,4.998750E-04,4.998750E-04,4.998750E-04,0.000000E+00,0.000000E+00,0.000000E+00,0.000000E+00
174.77180,-41.30330,0.00000,9.675124E-01,9.633081E-01,9.580971E-01,9.522607E-01,9.446014E-01,9.352098E-01,9.238307E-01,9.103525E-01,8.949479E-01,8.771510E-01,8.559219E-01,8.320180E-01,8.025154E-01,7.705093E-01,7.357866E-01,6.947424E-01,6.502719E-01,6.001614E-01,5.459736E-01,4.917084E-01,4.333990E-01,3.769322E-01,3.186641E-01,2.677256E-01,2.180774E-01,1.740326E-01,1.339389E-01,1.049715E-01,8.020023E-02,5.964705E-02,4.495804E-02,3.304177E-02,2.439737E-02,1.734776E-02,1.252093E-02,9.455018E-03,7.471945E-03,5.086997E-03,3.992011E-03,2.496878E-03,1.998001E-03,1.498876E-03,9.995002E-04,9.995002E-04,4.998750E-04,4.998750E-04,4.998750E-04,0.000000E+00,0.000000E+00,0.000000E+00
174.76180,-41.25750,0.00000,9.680409E-01,9.638183E-01,9.582836E-01,9.522129E-01,9.450318E-01,9.359633E-01,9.253092E-01,9.120951E-01,8.972952E-01,8.789921E-01,8.589442E-01,8.339555E-01,8.066588E-01,7.731349E-01,7.351245E-01,6.952001E-01,6.505165E-01,6.000422E-01,5.481927E-01,4.930282E-01,4.367321E-01,3.843028E-01,3.274642E-01,2.713773E-01,2.211201E-01,1.762595E-01,1.363606E-01,1.029102E-01,8.084437E-02,6.115040E-02,4.409809E-02,3.391166E-02,2.420231E-02,1.832993E-02,1.252093E-02,9.058701E-03,6.975557E-03,4.987521E-03,3.992011E-03,3.095180E-03,2.097777E-03,1.498876E-03,9.995002E-04,4.998750E-04,4.998750E-04,9.997500E-05,0.000000E+00,0.000000E+00,0.000000E+00,0.000000E+00
174.80209,-41.23100,0.00000,9.683083E-01,9.641567E-01,9.590619E-01,9.532668E-01,9.455569E-01,9.367525E-01,9.262075E-01,9.132391E-01,8.977464E-01,8.792217E-01,8.577543E-01,8.336895E-01,8.035945E-01,7.734475E-01,7.366828E-01,6.977125E-01,6.532979E-01,6.059194E-01,5.505741E-01,5.002263E-01,4.422245E-01,3.826997E-01,3.205011E-01,2.673594E-01,2.193278E-01,1.712185E-01,1.343709E-01,1.006631E-01,7.882015E-02,5.964705E-02,4.400252E-02,3.294509E-02,2.439737E-02,1.636462E-02,1.291586E-02,9.950167E-03,7.471945E-03,4.987521E-03,3.992011E-03,2.995505E-03,2.097777E-03,1.498876E-03,9.995002E-04,4.998750E-04,4.998750E-04,0.000000E+00,0.000000E+00,0.000000E+00,0.000000E+00,0.000000E+00
174.78551,-41.24350,0.00000,9.683810E-01,9.640454E-01,9.590580E-01,9.527593E-01,9.445179E-01,9.358416E-01,9.258451E-01,9.132737E-01,8.981851E-01,8.803875E-01,8.583590E-01,8.346506E-01,8.082571E-01,7.751890E-01,7.390953E-01,7.000076E-01,6.531615E-01,6.054053E-01,5.534482E-01,4.964628E-01,4.365068E-01,3.819581E-01,3.278675E-01,2.721788E-01,2.192498E-01,1.719643E-01,1.351506E-01,1.015642E-01,7.780631E-02,5.974106E-02,4.390661E-02,3.246144E-02,2.429987E-02,1.842807E-02,1.291586E-02,9.950167E-03,7.471945E-03,5.584329E-03,4.091586E-03,2.596603E-03,1.998001E-03,1.099375E-03,9.995002E-04,4.998750E-04,4.998750E-04,0.000000E+00,0.000000E+00,0.000000E+00,0.000000E+00,0.000000E+00
174.82050,-41.22480,0.00000,9.683779E-01,9.643141E-01,9.594005E-01,9.529617E-01,9.453163E-01,9.366381E-01,9.255700E-01,9.127518E-01,8.980097E-01,8.802800E-01,8.586756E-01,8.341879E-01,8.051211E-01,7.741084E-01,7.390430E-01,6.951986E-01,6.507607E-01,6.016000E-01,5.483279E-01,4.931296E-01,4.376884E-01,3.828233E-01,3.245612E-01,2.719577E-01,2.220554E-01,1.765881E-01,1.383385E-01,1.082751E-01,8.148772E-02,5.936483E-02,4.304604E-02,3.255817E-02,2.390945E-02,1.685631E-02,1.192829E-02,8.563106E-03,6.478921E-03,4.489890E-03,3.493882E-03,2.496878E-03,1.998001E-03,1.099375E-03,5.998000E-04,4.998750E-04,4.998750E-04,0.000000E+00,0.000000E+00,0.000000E+00,0.000000E+00,0.000000E+00
174.77600,-41.25320,0.00000,9.677325E-01,9.635495E-01,9.585223E-01,9.520741E-01,9.448280E-01,9.359953E-01,9.251074E-01,9.113088E-01,8.965319E-01,8.781662E-01,8.583364E-01,8.336232E-01,8.049886E-01,7.729529E-01,7.360752E-01,6.971139E-01,6.509700E-01,6.019181E-01,5.498602E-01,4.963128E-01,4.381385E-01,3.760587E-01,3.222654E-01,2.729063E-01,2.183041E-01,1.767501E-01,1.395491E-01,1.062238E-01,8.112022E-02,6.208878E-02,4.333291E-02,3.149342E-02,2.332368E-02,1.744601E-02,1.350792E-02,9.455018E-03,6.975557E-03,5.484903E-03,3.992011E-03,2.496878E-03,1.998001E-03,1.498876E-03,9.995002E-04,4.998750E-04,4.998750E-04,0.000000E+00,0.000000E+00,0.000000E+00,0.000000E+00,0.000000E+00
174.82120,-41.23450,0.00000,9.683146E-01,9.638905E-01,9.589679E-01,9.529055E-01,9.455297E-01,9.364989E-01,9.255702E-01,9.129350E-01,8.984800E-01,8.795593E-01,8.592401E-01,8.348650E-01,8.065617E-01,7.729064E-01,7.373676E-01,6.952904E-01,6.490065E-01,6.028330E-01,5.468352E-01,4.923685E-01,4.383631E-01,3.782392E-01,3.219264E-01,2.702841E-01,2.161170E-01,1.737020E-01,1.380000E-01,1.073851E-01,7.927997E-02,6.049269E-02,4.304413E-02,3.197755E-02,2.273752E-02,1.587268E-02,1.212580E-02,9.058701E-03,6.975557E-03,5.484903E-03,3.992011E-03,2.596603E-03,1.998001E-03,1.498876E-03,9.995002E-04,5.998000E-04,4.998750E-04,4.998750E-04,0.000000E+00,0.000000E+00,0.000000E+00,0.000000E+00
174.83459,-41.21620,0.00000,9.681557E-01,9.640850E-01,9.590212E-01,9.532761E-01,9.453660E-01,9.361934E-01,9.262075E-01,9.134725E-01,8.987437E-01,8.808173E-01,8.596476E-01,8.368850E-01,8.068900E-01,7.728171E-01,7.369470E-01,6.943668E-01,6.518377E-01,6.010011E-01,5.471521E-01,4.931803E-01,4.368992E-01,3.816496E-01,3.246333E-01,2.701353E-01,2.202640E-01,1.747737E-01,1.342846E-01,1.037174E-01,7.955652E-02,5.785867E-02,4.266316E-02,3.197755E-02,2.224876E-02,1.695460E-02,1.242220E-02,9.058701E-03,7.074835E-03,5.484903E-03,3.992011E-03,2.995505E-03,2.496878E-03,1.998001E-03,9.995002E-04,4.998750E-04,4.998750E-04,4.998750E-04,0.000000E+00,0.000000E+00,0.000000E+00,0.000000E+00
174.74440,-41.27760,0.00000,9.680250E-01,9.636296E-01,9.582100E-01,9.517370E-01,9.445569E-01,9.353133E-01,9.243839E-01,9.112914E-01,8.969561E-01,8.782150E-01,8.568553E-01,8.316314E-01,8.037173E-01,7.716085E-01,7.347773E-01,6.951087E-01,6.509700E-01,6.031115E-01,5.512533E-01,4.964134E-01,4.388042E-01,3.855330E-01,3.251024E-01,2.734878E-01,2.239978E-01,1.755180E-01,1.370499E-01,1.057768E-01,7.928062E-02,6.133800E-02,4.514895E-02,3.284807E-02,2.469009E-02,1.744601E-02,1.291586E-02,9.455018E-03,6.975557E-03,4.489890E-03,3.095180E-03,2.496878E-03,1.998001E-03,1.099375E-03,5.998000E-04,4.998750E-04,4.998750E-04,4.998750E-04,0.000000E+00,0.000000E+00,0.000000E+00,0.000000E+00
174.79691,-41.24460,0.00000,9.784224E-01,9.766136E-01,9.743189E-01,9.716095E-01,9.681175E-01,9.637783E-01,9.583519E-01,9.519636E-01,9.443510E-01,9.348128E-01,9.230500E-01,9.084703E-01,8.928687E-01,8.728006E-01,8.491079E-01,8.225558E-01,7.915592E-01,7.535742E-01,7.123170E-01,6.690870E-01,6.163021E-01,5.622028E-01,5.039606E-01,4.414996E-01,3.801012E-01,3.215863E-01,2.657456E-01,2.128987E-01,1.707221E-01,1.322917E-01,1.020133E-01,7.559036E-02,5.587811E-02,3.921056E-02,2.741696E-02,1.882064E-02,1.252093E-02,8.463977E-03,5.584329E-03,3.593508E-03,2.496878E-03,1.998001E-03,9.995002E-04,4.998750E-04,0.000000E+00,0.000000E+00,0.000000E+00,0.000000E+00,0.000000E+00,0.000000E+00
174.76019,-41.27010,0.00000,9.730453E-01,9.699259E-01,9.660613E-01,9.613457E-01,9.557986E-01,9.494956E-01,9.418134E-01,9.318740E-01,9.201256E-01,9.065930E-01,8.908027E-01,8.715094E-01,8.502218E-01,8.241282E-01,7.945995E-01,7.615242E-01,7.238460E-01,6.837742E-01,6.364718E-01,5.859216E-01,5.317671E-01,4.801407E-01,4.243749E-01,3.665659E-01,3.129829E-01,2.556892E-01,2.106930E-01,1.658139E-01,1.273319E-01,9.507181E-02,7.272027E-02,5.408255E-02,3.882615E-02,2.829199E-02,1.931110E-02,1.449392E-02,1.093972E-02,7.968085E-03,5.982036E-03,4.589416E-03,3.493882E-03,2.496878E-03,1.598701E-03,9.995002E-04,9.995002E-04,4.998750E-04,4.998750E-04,0.000000E+00,0.000000E+00,0.000000E+00
174.77570,-41.26220,0.00000,9.680569E-01,9.638472E-01,9.589186E-01,9.524797E-01,9.450812E-01,9.361807E-01,9.252794E-01,9.125334E-01,8.975620E-01,8.786529E-01,8.574554E-01,8.324376E-01,8.038352E-01,7.711067E-01,7.342236E-01,6.953523E-01,6.525728E-01,6.039438E-01,5.502206E-01,4.950520E-01,4.390929E-01,3.797266E-01,3.260500E-01,2.683083E-01,2.216663E-01,1.737845E-01,1.368762E-01,1.069386E-01,8.010846E-02,6.255762E-02,4.610332E-02,3.265485E-02,2.420231E-02,1.783897E-02,1.301455E-02,9.950167E-03,7.471945E-03,5.484903E-03,3.593508E-03,2.496878E-03,1.998001E-03,1.498876E-03,4.998750E-04,4.998750E-04,4.998750E-04,9.997500E-05,0.000000E+00,0.000000E+00,0.000000E+00,0.000000E+00
174.73250,-41.29060,0.00000,9.679545E-01,9.636877E-01,9.583849E-01,9.521460E-01,9.443682E-01,9.350411E-01,9.241577E-01,9.114422E-01,8.958892E-01,8.776170E-01,8.558066E-01,8.317654E-01,8.033038E-01,7.709686E-01,7.349137E-01,6.954134E-01,6.526769E-01,6.055646E-01,5.523304E-01,4.960105E-01,4.383064E-01,3.790458E-01,3.219946E-01,2.688232E-01,2.207315E-01,1.744454E-01,1.369639E-01,1.043449E-01,7.937263E-02,5.927082E-02,4.409809E-02,3.207433E-02,2.429987E-02,1.744601E-02,1.252093E-02,9.554047E-03,6.578248E-03,5.086997E-03,3.493882E-03,2.496878E-03,1.998001E-03,1.498876E-03,9.995002E-04,4.998750E-04,4.998750E-04,9.997500E-05,0.000000E+00,0.000000E+00,0.000000E+00,0.000000E+00
174.74741,-41.28700,0.00000,9.674798E-01,9.630983E-01,9.577175E-01,9.514560E-01,9.442679E-01,9.352033E-01,9.244076E-01,9.113979E-01,8.962010E-01,8.781055E-01,8.565108E-01,8.324203E-01,8.038136E-01,7.717012E-01,7.353072E-01,7.000076E-01,6.532659E-01,6.034288E-01,5.507156E-01,4.969167E-01,4.390364E-01,3.805963E-01,3.254436E-01,2.688232E-01,2.172955E-01,1.759302E-01,1.371371E-01,1.047927E-01,7.918856E-02,6.058694E-02,4.553087E-02,3.362171E-02,2.527508E-02,1.832993E-02,1.390246E-02,9.455018E-03,7.174063E-03,5.484903E-03,4.091586E-03,2.995505E-03,2.097777E-03,1.498876E-03,9.995002E-04,4.998750E-04,4.998750E-04,9.997500E-05,0.000000E+00,0.000000E+00,0.000000E+00,0.000000E+00
174.76019,-41.27910,0.00000,9.731745E-01,9.701090E-01,9.663789E-01,9.620581E-01,9.565481E-01,9.499383E-01,9.421499E-01,9.324441E-01,9.209282E-01,9.074124E-01,8.913474E-01,8.721494E-01,8.508642E-01,8.243390E-01,7.920794E-01,7.614316E-01,7.242333E-01,6.824093E-01,6.370507E-01,5.882339E-01,5.343866E-01,4.819067E-01,4.213742E-01,3.690319E-01,3.122980E-01,2.615485E-01,2.118761E-01,1.693942E-01,1.284652E-01,9.687985E-02,7.420271E-02,5.417708E-02,4.026683E-02,2.916619E-02,2.175977E-02,1.538049E-02,1.143413E-02,7.471945E-03,5.982036E-03,4.091586E-03,2.995505E-03,2.596603E-03,1.498876E-03,9.995002E-04,9.995002E-04,9.995002E-04,4.998750E-04,0.000000E+00,0.000000E+00,0.000000E+00
174.78430,-41.26960,0.00000,9.750130E-01,9.723353E-01,9.688207E-01,9.648594E-01,9.599803E-01,9.537548E-01,9.466456E-01,9.382339E-01,9.273643E-01,9.142912E-01,8.996301E-01,8.813763E-01,8.599981E-01,8.359854E-01,8.070441E-01,7.750069E-01,7.397195E-01,6.990157E-01,6.542357E-01,6.028726E-01,5.495461E-01,4.946477E-01,4.359430E-01,3.766191E-01,3.247012E-01,2.760262E-01,2.255478E-01,1.779874E-01,1.392920E-01,1.064022E-01,8.020088E-02,5.927082E-02,4.352440E-02,3.226774E-02,2.283522E-02,1.597107E-02,1.202707E-02,8.067263E-03,5.484903E-03,4.091586E-03,2.596603E-03,1.498876E-03,9.995002E-04,9.995002E-04,4.998750E-04,0.000000E+00,0.000000E+00,0.000000E+00,0.000000E+00,0.000000E+00
174.78011,-41.29690,0.00000,9.779865E-01,9.761793E-01,9.738342E-01,9.709227E-01,9.671597E-01,9.626716E-01,9.573188E-01,9.505750E-01,9.424613E-01,9.322546E-01,9.209832E-01,9.066859E-01,8.890009E-01,8.704112E-01,8.457375E-01,8.176085E-01,7.849317E-01,7.492001E-01,7.089031E-01,6.596225E-01,6.101913E-01,5.556754E-01,4.972187E-01,4.355471E-01,3.762462E-01,3.186641E-01,2.655989E-01,2.122661E-01,1.655642E-01,1.295978E-01,9.877425E-02,7.410968E-02,5.521578E-02,4.208861E-02,2.916619E-02,1.980133E-02,1.301455E-02,7.670352E-03,5.086997E-03,3.095180E-03,2.097777E-03,1.498876E-03,5.998000E-04,4.998750E-04,4.998750E-04,9.997500E-05,0.000000E+00,0.000000E+00,0.000000E+00,0.000000E+00
174.77420,-41.27250,0.00000,9.681430E-01,9.636512E-01,9.581947E-01,9.520836E-01,9.442672E-01,9.354103E-01,9.248748E-01,9.119895E-01,8.964913E-01,8.788831E-01,8.566117E-01,8.331396E-01,8.055528E-01,7.725216E-01,7.336059E-01,6.955349E-01,6.503757E-01,6.031904E-01,5.519273E-01,4.995261E-01,4.407731E-01,3.830699E-01,3.265892E-01,2.724682E-01,2.224443E-01,1.824144E-01,1.398935E-01,1.054177E-01,8.020088E-02,6.124422E-02,4.543544E-02,3.246144E-02,2.371429E-02,1.685631E-02,1.252093E-02,8.563106E-03,6.081413E-03,4.987521E-03,3.095180E-03,2.496878E-03,1.998001E-03,1.099375E-03,9.995002E-04,5.998000E-04,4.998750E-04,4.998750E-04,0.000000E+00,0.000000E+00,0.000000E+00,0.000000E+00
174.76050,-41.28800,0.00000,9.675936E-01,9.635349E-01,9.582643E-01,9.517711E-01,9.443682E-01,9.356100E-01,9.247318E-01,9.121566E-01,8.958889E-01,8.774945E-01,8.562096E-01,8.319842E-01,8.032647E-01,7.720434E-01,7.320308E-01,6.911810E-01,6.476041E-01,5.994834E-01,5.480121E-01,4.942430E-01,4.364502E-01,3.796047E-01,3.217233E-01,2.700642E-01,2.203408E-01,1.760949E-01,1.349777E-01,1.061345E-01,7.697594E-02,5.880034E-02,4.505352E-02,3.217106E-02,2.400696E-02,1.734776E-02,1.291586E-02,8.463977E-03,6.478921E-03,4.987521E-03,3.992011E-03,3.095180E-03,2.097777E-03,1.498876E-03,1.099375E-03,4.998750E-04,4.998750E-04,9.997500E-05,0.000000E+00,0.000000E+00,0.000000E+00,0.000000E+00
174.75990,-41.29570,0.00000,9.676907E-01,9.633448E-01,9.579964E-01,9.517664E-01,9.438764E-01,9.346955E-01,9.243925E-01,9.108022E-01,8.955865E-01,8.774211E-01,8.557040E-01,8.309557E-01,8.040312E-01,7.724761E-01,7.340364E-01,6.913604E-01,6.475299E-01,5.981996E-01,5.493661E-01,4.914542E-01,4.340778E-01,3.756833E-01,3.236875E-01,2.716692E-01,2.203418E-01,1.728753E-01,1.346316E-01,1.031796E-01,7.964885E-02,6.086855E-02,4.495804E-02,3.246144E-02,2.371429E-02,1.783897E-02,1.192829E-02,9.455018E-03,6.975557E-03,5.484903E-03,3.992011E-03,2.995505E-03,2.097777E-03,1.598701E-03,9.995002E-04,5.998000E-04,4.998750E-04,0.000000E+00,0.000000E+00,0.000000E+00,0.000000E+00,0.000000E+00
174.75591,-41.30430,0.00000,9.671728E-01,9.628429E-01,9.577774E-01,9.511547E-01,9.435613E-01,9.343160E-01,9.229652E-01,9.098878E-01,8.943475E-01,8.764731E-01,8.557201E-01,8.303130E-01,8.016258E-01,7.689913E-01,7.332365E-01,6.923206E-01,6.460845E-01,5.987614E-01,5.447914E-01,4.889051E-01,4.297611E-01,3.753722E-01,3.236198E-01,2.697729E-01,2.192482E-01,1.732888E-01,1.373953E-01,1.052402E-01,7.872804E-02,6.068086E-02,4.638953E-02,3.410478E-02,2.478760E-02,1.882064E-02,1.291586E-02,9.058701E-03,6.975557E-03,4.589416E-03,3.593508E-03,2.596603E-03,1.998001E-03,1.498876E-03,9.995002E-04,4.998750E-04,9.997500E-05,0.000000E+00,0.000000E+00,0.000000E+00,0.000000E+00,0.000000E+00
174.77470,-41.29100,0.00000,9.772183E-01,9.751973E-01,9.724898E-01,9.693309E-01,9.654413E-01,9.605411E-01,9.545935E-01,9.469543E-01,9.386892E-01,9.280583E-01,9.159295E-01,9.007586E-01,8.826147E-01,8.621789E-01,8.389755E-01,8.098609E-01,7.773156E-01,7.387550E-01,6.980517E-01,6.508650E-01,5.945645E-01,5.423726E-01,4.806053E-01,4.202741E-01,3.594957E-01,3.042042E-01,2.532300E-01,2.027604E-01,1.591145E-01,1.229576E-01,9.217162E-02,7.104959E-02,5.171480E-02,3.930661E-02,2.761163E-02,1.891873E-02,1.390246E-02,9.455018E-03,7.471945E-03,4.987521E-03,3.095180E-03,2.097777E-03,1.998001E-03,1.099375E-03,5.998000E-04,4.998750E-04,4.998750E-04,0.000000E+00,0.000000E+00,0.000000E+00
174.77280,-41.29470,0.00000,9.772343E-01,9.750280E-01,9.724293E-01,9.690536E-01,9.651011E-01,9.603950E-01,9.543203E-01,9.471977E-01,9.384251E-01,9.280149E-01,9.158370E-01,9.010251E-01,8.832240E-01,8.616400E-01,8.368033E-01,8.074647E-01,7.763770E-01,7.375514E-01,6.949558E-01,6.473562E-01,5.970722E-01,5.409507E-01,4.832520E-01,4.218948E-01,3.600041E-01,3.060798E-01,2.523347E-01,2.027604E-01,1.602910E-01,1.258467E-01,9.516259E-02,7.039917E-02,5.275729E-02,3.882615E-02,2.761163E-02,2.029130E-02,1.350792E-02,8.959621E-03,5.982036E-03,4.489890E-03,2.596603E-03,1.998001E-03,1.099375E-03,4.998750E-04,4.998750E-04,4.998750E-04,4.998750E-04,0.000000E+00,0.000000E+00,0.000000E+00
174.78281,-41.29210,0.00000,9.800415E-01,9.785922E-01,9.770055E-01,9.749955E-01,9.723906E-01,9.685885E-01,9.642604E-01,9.588361E-01,9.521173E-01,9.445570E-01,9.340064E-01,9.218005E-01,9.074677E-01,8.903319E-01,8.694614E-01,8.460458E-01,8.164552E-01,7.818996E-01,7.434930E-01,6.968378E-01,6.478503E-01,5.939179E-01,5.364280E-01,4.766998E-01,4.132739E-01,3.518281E-01,2.937598E-01,2.403517E-01,1.898193E-01,1.476005E-01,1.130796E-01,8.121204E-02,5.701030E-02,3.892221E-02,2.576232E-02,1.793716E-02,9.950167E-03,5.982036E-03,3.493882E-03,2.097777E-03,1.598701E-03,1.498876E-03,9.995002E-04,4.998750E-04,9.997500E-05,0.000000E+00,0.000000E+00,0.000000E+00,0.000000E+00,0.000000E+00
174.76590,-41.30790,0.00000,9.672515E-01,9.627573E-01,9.578407E-01,9.512375E-01,9.435613E-01,9.344407E-01,9.235179E-01,9.103907E-01,8.952828E-01,8.766446E-01,8.552124E-01,8.309878E-01,8.025529E-01,7.703958E-01,7.344879E-01,6.931804E-01,6.500267E-01,6.040627E-01,5.505811E-01,4.956574E-01,4.379134E-01,3.774924E-01,3.239579E-01,2.707217E-01,2.231434E-01,1.769184E-01,1.367060E-01,1.061345E-01,7.854360E-02,5.955271E-02,4.409809E-02,3.304177E-02,2.517762E-02,1.980133E-02,1.340928E-02,9.554047E-03,7.670352E-03,5.484903E-03,3.992011E-03,2.995505E-03,2.097777E-03,1.498876E-03,9.995002E-04,9.995002E-04,4.998750E-04,4.998750E-04,0.000000E+00,0.000000E+00,0.000000E+00,0.000000E+00
174.75650,-41.31690,0.00000,9.676583E-01,9.632823E-01,9.580718E-01,9.519734E-01,9.443403E-01,9.347544E-01,9.233723E-01,9.108291E-01,8.946530E-01,8.763376E-01,8.555468E-01,8.310412E-01,8.010893E-01,7.680416E-01,7.313914E-01,6.917979E-01,6.472515E-01,5.972335E-01,5.463365E-01,4.930770E-01,4.374071E-01,3.771786E-01,3.189362E-01,2.647157E-01,2.193273E-01,1.751057E-01,1.349777E-01,1.041654E-01,7.992475E-02,6.161971E-02,4.638953E-02,3.352513E-02,2.381189E-02,1.882064E-02,1.449392E-02,1.044507E-02,7.174063E-03,5.982036E-03,3.992011E-03,2.995505E-03,2.496878E-03,1.598701E-03,9.995002E-04,4.998750E-04,4.998750E-04,4.998750E-04,4.998750E-04,9.997500E-05,0.000000E+00,0.000000E+00
174.79289,-41.29190,0.00000,9.756080E-01,9.733295E-01,9.704508E-01,9.667466E-01,9.621983E-01,9.566349E-01,9.499581E-01,9.423116E-01,9.325250E-01,9.205954E-01,9.071527E-01,8.910752E-01,8.710073E-01,8.487166E-01,8.233874E-01,7.946213E-01,7.589842E-01,7.213494E-01,6.763839E-01,6.284142E-01,5.769634E-01,5.203980E-01,4.632372E-01,4.024991E-01,3.414396E-01,2.850191E-01,2.341736E-01,1.842929E-01,1.466624E-01,1.128134E-01,8.396428E-02,6.386913E-02,4.877058E-02,3.449112E-02,2.527508E-02,1.852616E-02,1.301455E-02,9.058701E-03,6.578248E-03,4.091586E-03,2.995505E-03,1.598701E-03,1.099375E-03,9.995002E-04,4.998750E-04,0.000000E+00,0.000000E+00,0.000000E+00,0.000000E+00,0.000000E+00
174.77750,-41.30250,0.00000,9.671958E-01,9.628873E-01,9.576252E-01,9.515197E-01,9.439380E-01,9.350995E-01,9.241502E-01,9.111938E-01,8.954719E-01,8.778859E-01,8.563103E-01,8.311252E-01,8.024175E-01,7.698902E-01,7.329448E-01,6.912117E-01,6.472157E-01,5.981193E-01,5.464715E-01,4.908941E-01,4.357737E-01,3.787982E-01,3.242281E-01,2.699921E-01,2.194058E-01,1.763421E-01,1.367917E-01,1.055974E-01,8.111957E-02,6.133800E-02,4.457593E-02,3.304177E-02,2.517762E-02,1.842807E-02,1.390246E-02,1.044507E-02,7.471945E-03,5.086997E-03,4.489890E-03,2.995505E-03,1.998001E-03,1.498876E-03,9.995002E-04,4.998750E-04,4.998750E-04,9.997500E-05,0.000000E+00,0.000000E+00,0.000000E+00,0.000000E+00
174.78760,-41.29880,0.00000,9.780085E-01,9.762150E-01,9.737843E-01,9.709227E-01,9.674637E-01,9.631168E-01,9.576292E-01,9.511837E-01,9.431421E-01,9.332495E-01,9.214248E-01,9.074029E-01,8.892074E-01,8.699578E-01,8.455056E-01,8.175536E-01,7.869226E-01,7.493748E-01,7.084373E-01,6.601663E-01,6.103475E-01,5.548304E-01,4.955561E-01,4.360551E-01,3.753722E-01,3.196174E-01,2.636870E-01,2.114031E-01,1.659818E-01,1.289013E-01,1.010250E-01,7.503511E-02,5.597250E-02,3.969084E-02,2.741696E-02,1.744601E-02,1.173048E-02,7.968085E-03,5.385128E-03,3.095180E-03,2.097777E-03,1.099375E-03,5.998000E-04,4.998750E-04,0.000000E+00,0.000000E+00,0.000000E+00,0.000000E+00,0.000000E+00,0.000000E+00
174.80080,-41.29230,0.00000,9.758096E-01,9.732574E-01,9.704094E-01,9.668330E-01,9.623905E-01,9.570578E-01,9.504613E-01,9.429141E-01,9.335828E-01,9.221211E-01,9.084154E-01,8.928038E-01,8.737764E-01,8.513557E-01,8.246374E-01,7.947646E-01,7.591305E-01,7.217399E-01,6.769344E-01,6.292028E-01,5.746741E-01,5.178978E-01,4.593049E-01,3.989637E-01,3.372780E-01,2.843027E-01,2.308721E-01,1.829826E-01,1.439271E-01,1.070271E-01,8.112022E-02,6.265130E-02,4.638953E-02,3.400825E-02,2.498246E-02,1.695460E-02,1.242220E-02,8.563106E-03,5.484903E-03,3.992011E-03,2.995505E-03,2.496878E-03,1.498876E-03,1.099375E-03,4.998750E-04,4.998750E-04,9.997500E-05,0.000000E+00,0.000000E+00,0.000000E+00
174.75810,-41.33150,0.00000,9.671597E-01,9.627160E-01,9.573871E-01,9.510227E-01,9.433748E-01,9.340195E-01,9.230112E-01,9.094089E-01,8.946112E-01,8.764859E-01,8.559794E-01,8.295641E-01,8.016253E-01,7.682037E-01,7.310957E-01,6.873573E-01,6.418109E-01,5.960240E-01,5.405384E-01,4.889051E-01,4.318067E-01,3.761177E-01,3.211794E-01,2.678711E-01,2.143133E-01,1.722943E-01,1.398935E-01,1.064022E-01,7.964885E-02,6.030500E-02,4.638953E-02,3.246144E-02,2.381189E-02,1.744601E-02,1.202707E-02,8.463977E-03,6.975557E-03,4.987521E-03,3.992011E-03,2.496878E-03,1.998001E-03,1.498876E-03,9.995002E-04,9.995002E-04,9.995002E-04,4.998750E-04,4.998750E-04,4.998750E-04,0.000000E+00,0.000000E+00
174.76579,-41.31950,0.00000,9.675223E-01,9.628985E-01,9.576421E-01,9.510520E-01,9.433861E-01,9.343423E-01,9.237546E-01,9.106326E-01,8.945796E-01,8.765103E-01,8.552721E-01,8.299223E-01,8.013473E-01,7.683656E-01,7.316598E-01,6.901908E-01,6.448426E-01,5.972335E-01,5.452464E-01,4.891601E-01,4.331723E-01,3.769307E-01,3.213157E-01,2.698447E-01,2.237649E-01,1.772470E-01,1.388611E-01,1.052402E-01,8.176307E-02,6.068086E-02,4.514895E-02,3.439458E-02,2.381189E-02,1.685631E-02,1.153296E-02,8.959621E-03,7.074835E-03,5.086997E-03,3.593508E-03,2.496878E-03,1.998001E-03,1.498876E-03,1.099375E-03,4.998750E-04,4.998750E-04,0.000000E+00,0.000000E+00,0.000000E+00,0.000000E+00,0.000000E+00
174.78320,-41.30900,0.00000,9.726079E-01,9.695599E-01,9.658366E-01,9.612955E-01,9.555458E-01,9.483566E-01,9.403399E-01,9.303797E-01,9.192502E-01,9.055514E-01,8.890626E-01,8.705810E-01,8.479884E-01,8.228924E-01,7.928266E-01,7.587684E-01,7.234324E-01,6.795407E-01,6.334782E-01,5.821342E-01,5.340607E-01,4.759662E-01,4.167270E-01,3.620529E-01,3.078109E-01,2.567330E-01,2.080041E-01,1.661485E-01,1.270698E-01,9.823351E-02,7.364709E-02,5.493351E-02,4.026683E-02,2.916619E-02,2.224876E-02,1.498655E-02,1.093972E-02,7.968085E-03,5.584329E-03,4.091586E-03,2.995505E-03,2.496878E-03,1.598701E-03,1.498876E-03,9.995002E-04,4.998750E-04,9.997500E-05,0.000000E+00,0.000000E+00,0.000000E+00
174.77609,-41.31290,0.00000,9.675742E-01,9.632052E-01,9.580887E-01,9.516840E-01,9.438873E-01,9.349175E-01,9.237315E-01,9.103550E-01,8.945050E-01,8.762382E-01,8.554310E-01,8.306859E-01,8.018034E-01,7.704419E-01,7.338778E-01,6.921366E-01,6.461853E-01,5.962167E-01,5.461091E-01,4.964640E-01,4.383070E-01,3.782375E-01,3.264540E-01,2.704299E-01,2.221325E-01,1.771653E-01,1.352343E-01,1.051486E-01,8.038467E-02,5.832962E-02,4.505352E-02,3.352513E-02,2.439737E-02,1.832993E-02,1.291586E-02,1.004915E-02,7.471945E-03,5.086997E-03,3.493882E-03,2.496878E-03,1.498876E-03,9.995002E-04,5.998000E-04,4.998750E-04,4.998750E-04,9.997500E-05,9.997500E-05,0.000000E+00,0.000000E+00,0.000000E+00
174.79630,-41.30160,0.00000,9.675774E-01,9.632052E-01,9.578912E-01,9.517568E-01,9.443848E-01,9.353390E-01,9.242637E-01,9.114068E-01,8.956389E-01,8.776169E-01,8.566831E-01,8.326049E-01,8.028114E-01,7.714950E-01,7.362614E-01,6.965687E-01,6.493959E-01,5.990424E-01,5.457919E-01,4.888026E-01,4.320942E-01,3.732447E-01,3.167527E-01,2.666264E-01,2.165888E-01,1.681362E-01,1.334192E-01,9.850422E-02,7.632932E-02,6.011711E-02,4.448040E-02,3.304177E-02,2.469009E-02,1.803530E-02,1.350792E-02,9.455018E-03,6.478921E-03,4.987521E-03,3.493882E-03,2.496878E-03,1.998001E-03,1.498876E-03,4.998750E-04,4.998750E-04,4.998750E-04,0.000000E+00,0.000000E+00,0.000000E+00,0.000000E+00,0.000000E+00
174.80040,-41.30500,0.00000,9.755322E-01,9.729319E-01,9.699021E-01,9.663148E-01,9.619060E-01,9.565347E-01,9.501432E-01,9.417778E-01,9.326190E-01,9.208570E-01,9.073935E-01,8.912378E-01,8.724440E-01,8.488827E-01,8.246899E-01,7.923482E-01,7.590100E-01,7.197847E-01,6.772572E-01,6.316420E-01,5.756068E-01,5.172694E-01,4.596786E-01,4.044671E-01,3.423582E-01,2.861625E-01,2.324871E-01,1.857599E-01,1.464903E-01,1.103256E-01,8.378067E-02,6.368172E-02,4.648487E-02,3.535971E-02,2.390945E-02,1.793716E-02,1.252093E-02,8.563106E-03,5.584329E-03,3.593508E-03,2.496878E-03,1.598701E-03,1.099375E-03,5.998000E-04,4.998750E-04,0.000000E+00,0.000000E+00,0.000000E+00,0.000000E+00,0.000000E+00
174.79420,-41.31680,0.00000,9.769917E-01,9.749279E-01,9.722328E-01,9.689388E-01,9.648592E-01,9.603474E-01,9.540223E-01,9.466884E-01,9.383203E-01,9.278925E-01,9.149728E-01,8.996308E-01,8.822035E-01,8.618477E-01,8.358375E-01,8.062900E-01,7.729514E-01,7.337156E-01,6.917979E-01,6.449143E-01,5.942014E-01,5.368017E-01,4.795697E-01,4.232231E-01,3.591754E-01,3.047613E-01,2.499384E-01,1.985237E-01,1.572627E-01,1.201466E-01,9.289766E-02,7.086386E-02,5.237822E-02,3.940262E-02,2.868065E-02,2.087893E-02,1.439538E-02,1.004915E-02,6.478921E-03,4.091586E-03,2.995505E-03,1.998001E-03,1.498876E-03,1.099375E-03,4.998750E-04,4.998750E-04,0.000000E+00,0.000000E+00,0.000000E+00,0.000000E+00
174.82449,-41.29710,0.00000,9.672712E-01,9.628726E-01,9.577985E-01,9.516070E-01,9.442735E-01,9.347676E-01,9.241502E-01,9.113448E-01,8.964395E-01,8.782761E-01,8.564109E-01,8.309059E-01,8.024374E-01,7.694528E-01,7.352048E-01,6.941926E-01,6.501319E-01,5.978363E-01,5.476939E-01,4.911998E-01,4.338520E-01,3.774928E-01,3.249035E-01,2.722515E-01,2.215885E-01,1.772476E-01,1.361014E-01,1.046137E-01,7.706819E-02,5.880034E-02,4.304604E-02,3.207433E-02,2.332368E-02,1.685631E-02,1.291586E-02,9.950167E-03,7.074835E-03,5.484903E-03,3.992011E-03,2.995505E-03,1.998001E-03,1.498876E-03,9.995002E-04,4.998750E-04,4.998750E-04,4.998750E-04,9.997500E-05,0.000000E+00,0.000000E+00,0.000000E+00
174.76910,-41.33750,0.00000,9.667631E-01,9.624506E-01,9.571349E-01,9.509197E-01,9.429883E-01,9.336420E-01,9.229499E-01,9.097796E-01,8.942947E-01,8.762510E-01,8.541387E-01,8.303300E-01,8.018240E-01,7.683203E-01,7.301259E-01,6.898192E-01,6.458728E-01,5.977172E-01,5.406286E-01,4.858278E-01,4.324915E-01,3.751227E-01,3.164804E-01,2.661862E-01,2.196397E-01,1.713836E-01,1.345434E-01,1.027311E-01,7.642198E-02,5.870623E-02,4.495804E-02,3.304177E-02,2.478760E-02,1.842807E-02,1.350792E-02,1.054400E-02,8.166392E-03,5.982036E-03,4.489890E-03,3.095180E-03,1.998001E-03,1.498876E-03,9.995002E-04,4.998750E-04,4.998750E-04,4.998750E-04,9.997500E-05,0.000000E+00,0.000000E+00,0.000000E+00
174.77589,-41.33670,0.00000,9.668529E-01,9.624354E-01,9.568939E-01,9.507132E-01,9.431022E-01,9.336688E-01,9.228418E-01,9.095264E-01,8.938496E-01,8.756428E-01,8.541240E-01,8.287447E-01,8.009104E-01,7.679718E-01,7.318206E-01,6.918594E-01,6.442375E-01,5.939580E-01,5.414106E-01,4.875745E-01,4.304385E-01,3.719222E-01,3.164801E-01,2.673594E-01,2.213549E-01,1.723743E-01,1.361876E-01,1.038074E-01,7.974087E-02,6.058694E-02,4.495804E-02,3.400825E-02,2.478760E-02,1.783897E-02,1.340928E-02,1.044507E-02,7.571173E-03,5.484903E-03,4.091586E-03,2.995505E-03,1.998001E-03,9.995002E-04,5.998000E-04,4.998750E-04,4.998750E-04,0.000000E+00,0.000000E+00,0.000000E+00,0.000000E+00,0.000000E+00
174.79420,-41.32710,0.00000,9.768092E-01,9.746734E-01,9.720880E-01,9.688830E-01,9.648103E-01,9.598928E-01,9.538888E-01,9.466617E-01,9.377189E-01,9.269198E-01,9.146333E-01,8.998814E-01,8.815779E-01,8.602358E-01,8.344529E-01,8.056312E-01,7.723165E-01,7.362095E-01,6.917650E-01,6.429548E-01,5.911058E-01,5.369869E-01,4.793613E-01,4.198100E-01,3.582779E-01,3.014160E-01,2.495628E-01,2.012434E-01,1.585258E-01,1.224312E-01,9.543383E-02,7.049210E-02,5.360948E-02,3.930661E-02,2.858354E-02,1.980133E-02,1.252093E-02,8.959621E-03,6.180740E-03,4.091586E-03,2.596603E-03,1.998001E-03,9.995002E-04,5.998000E-04,4.998750E-04,4.998750E-04,4.998750E-04,0.000000E+00,0.000000E+00,0.000000E+00
174.81760,-41.31290,0.00000,9.779093E-01,9.760407E-01,9.738027E-01,9.707565E-01,9.672745E-01,9.628206E-01,9.572933E-01,9.506096E-01,9.422308E-01,9.324576E-01,9.199402E-01,9.061728E-01,8.892190E-01,8.700751E-01,8.446845E-01,8.169311E-01,7.861537E-01,7.487482E-01,7.080286E-01,6.613198E-01,6.087075E-01,5.508947E-01,4.941424E-01,4.382509E-01,3.766829E-01,3.177088E-01,2.597741E-01,2.021222E-01,1.647294E-01,1.299459E-01,9.796321E-02,7.401726E-02,5.550037E-02,4.026683E-02,2.906912E-02,1.989932E-02,1.311318E-02,9.950167E-03,6.578248E-03,3.992011E-03,2.995505E-03,2.097777E-03,1.598701E-03,1.099375E-03,5.998000E-04,4.998750E-04,4.998750E-04,4.998750E-04,9.997500E-05,0.000000E+00
174.78081,-41.33780,0.00000,9.671662E-01,9.628206E-01,9.572249E-01,9.507231E-01,9.427711E-01,9.337620E-01,9.229422E-01,9.100589E-01,8.939337E-01,8.753684E-01,8.544739E-01,8.284004E-01,8.013875E-01,7.673219E-01,7.310149E-01,6.877962E-01,6.393325E-01,5.911442E-01,5.367993E-01,4.849545E-01,4.267268E-01,3.748096E-01,3.207051E-01,2.696270E-01,2.176867E-01,1.763417E-01,1.394641E-01,1.061345E-01,7.918856E-02,6.152588E-02,4.696150E-02,3.487727E-02,2.566491E-02,1.891873E-02,1.390246E-02,9.950167E-03,7.074835E-03,5.186424E-03,3.593508E-03,2.496878E-03,1.998001E-03,1.498876E-03,9.995002E-04,4.998750E-04,4.998750E-04,0.000000E+00,0.000000E+00,0.000000E+00,0.000000E+00,0.000000E+00
174.82980,-41.30930,0.00000,9.756373E-01,9.731905E-01,9.700642E-01,9.664192E-01,9.616153E-01,9.563215E-01,9.494553E-01,9.415977E-01,9.318947E-01,9.205794E-01,9.069013E-01,8.914126E-01,8.721244E-01,8.493958E-01,8.230875E-01,7.936327E-01,7.590823E-01,7.194468E-01,6.747951E-01,6.248389E-01,5.724564E-01,5.158206E-01,4.567578E-01,3.956489E-01,3.362823E-01,2.815773E-01,2.339440E-01,1.845372E-01,1.446118E-01,1.106815E-01,8.616018E-02,6.386913E-02,4.638905E-02,3.294509E-02,2.420231E-02,1.744601E-02,1.242220E-02,9.554047E-03,6.478921E-03,3.992011E-03,2.496878E-03,1.998001E-03,1.498876E-03,9.995002E-04,5.998000E-04,4.998750E-04,0.000000E+00,0.000000E+00,0.000000E+00,0.000000E+00
174.78740,-41.33780,0.00000,9.668661E-01,9.623905E-01,9.570488E-01,9.506776E-01,9.430792E-01,9.338479E-01,9.222760E-01,9.096893E-01,8.939877E-01,8.758542E-01,8.540936E-01,8.299733E-01,8.015860E-01,7.682972E-01,7.310144E-01,6.874527E-01,6.417049E-01,5.955386E-01,5.429213E-01,4.886495E-01,4.307867E-01,3.743088E-01,3.200254E-01,2.640545E-01,2.151783E-01,1.752706E-01,1.359287E-01,1.054189E-01,7.946460E-02,5.870623E-02,4.514895E-02,3.400825E-02,2.478760E-02,1.891873E-02,1.390246E-02,1.054400E-02,7.571173E-03,5.484903E-03,4.091586E-03,2.496878E-03,1.598701E-03,1.498876E-03,9.995002E-04,4.998750E-04,4.998750E-04,9.997500E-05,0.000000E+00,0.000000E+00,0.000000E+00,0.000000E+00
174.80969,-41.33080,0.00000,9.754562E-01,9.729644E-01,9.698358E-01,9.660172E-01,9.612994E-01,9.556392E-01,9.492376E-01,9.416444E-01,9.316693E-01,9.203248E-01,9.067527E-01,8.902549E-01,8.712007E-01,8.474395E-01,8.204670E-01,7.908073E-01,7.550734E-01,7.164872E-01,6.736549E-01,6.260002E-01,5.713400E-01,5.166914E-01,4.568655E-01,3.995041E-01,3.388626E-01,2.896518E-01,2.319484E-01,1.835557E-01,1.466624E-01,1.101478E-01,8.396428E-02,6.405627E-02,4.648487E-02,3.352513E-02,2.449483E-02,1.832993E-02,1.340928E-02,8.463977E-03,5.982036E-03,4.091586E-03,2.596603E-03,1.498876E-03,9.995002E-04,4.998750E-04,4.998750E-04,4.998750E-04,4.998750E-04,0.000000E+00,0.000000E+00,0.000000E+00
174.82050,-41.33160,0.00000,9.667333E-01,9.623416E-01,9.570491E-01,9.505748E-01,9.430168E-01,9.336559E-01,9.225482E-01,9.093907E-01,8.938815E-01,8.758666E-01,8.544878E-01,8.304824E-01,7.995309E-01,7.658515E-01,7.277924E-01,6.898812E-01,6.458377E-01,5.953344E-01,5.439715E-01,4.862395E-01,4.302741E-01,3.725550E-01,3.158650E-01,2.642756E-01,2.136071E-01,1.728744E-01,1.380862E-01,1.068493E-01,8.194686E-02,6.068086E-02,4.495804E-02,3.352513E-02,2.478760E-02,1.695460E-02,1.252093E-02,8.563106E-03,5.982036E-03,4.489890E-03,2.995505E-03,2.097777E-03,1.498876E-03,9.995002E-04,9.995002E-04,4.998750E-04,4.998750E-04,4.998750E-04,9.997500E-05,0.000000E+00,0.000000E+00,0.000000E+00
174.83290,-41.32780,0.00000,9.753456E-01,9.728288E-01,9.699832E-01,9.660851E-01,9.615885E-01,9.561377E-01,9.491614E-01,9.411992E-01,9.319559E-01,9.209678E-01,9.071249E-01,8.908682E-01,8.725078E-01,8.495612E-01,8.235116E-01,7.927226E-01,7.572683E-01,7.178450E-01,6.738176E-01,6.253638E-01,5.707856E-01,5.117792E-01,4.528280E-01,3.943785E-01,3.342226E-01,2.822973E-01,2.299491E-01,1.830684E-01,1.433270E-01,1.119257E-01,8.387209E-02,6.293254E-02,4.781887E-02,3.545615E-02,2.624932E-02,1.911477E-02,1.291586E-02,9.554047E-03,6.478921E-03,4.987521E-03,2.995505E-03,1.498876E-03,9.995002E-04,4.998750E-04,4.998750E-04,4.998750E-04,0.000000E+00,0.000000E+00,0.000000E+00,0.000000E+00
